Store,Report Date,End of Day Deposit,Actual Deposit,Deposit Over/(Short),Date Deposit Made,End of Day Credit Cards,Actual Credit Cards,Over/(Short) Credit Cards,VOID Credits,Payout To/(From),Payout Check,Scanning Violation Fees,Deposit Violation Fees,A/R Violation Fees,Violation Fees Total,Comments,Report Month,Email,Email 2,Email 3,Email 4,Email 5,Email 6,Email_Store,Month Number,ZOHO_EMAIL_1,ZOHO_EMAIL_2,NUMBERCA040,28-Aug-18,28.58,28.58,29-Aug-18,0,350,0,-350,0,0,0,0,0,10,10,SEND CK TO CO PER STORE REQ. PY 08/23/2018,August,8,fiestaca082@fiestainsurance.com,fiestaca082@fiestainsurance.com,acc@fiestainsurance.com,acc_ca@fiestainsurance.com,mfaulkner@fiestainsurance.com,mfaulkner@fiestainsurance.com,,,,42
CA145,20-Aug-18,3130.38,3130.38,21-Aug-18,0,1464.72,0,-1464.72,0,0,0,0,0,10,10,MIGUEL JIMON 08/19/2018 RECEIPT VOID REQ. ,August,8,fiestaca023@fiestainsurance.com,fiestaca026@fiestainsurance.com,acc@fiestainsurance.com,acc_ca@fiestainsurance.com,mfaulkner@fiestainsurance.com,mfaulkner@fiestainsurance.com,,,,42
CA177,28-Aug-18,681.66,681.66,29-Aug-18,0,55,0,-55,0,0,0,25,0,0,25,SVP- MISSING PAGE 12 BFA 121.22 MIL4196191,August,8,fiestaca177@fiestainsurance.com,fiestaca177@fiestainsurance.com,acc@fiestainsurance.com,acc_ca@fiestainsurance.com,mfaulkner@fiestainsurance.com,mfaulkner@fiestainsurance.com,,,,42
FL010,7-Aug-18,1064.52,1064.52,8-Aug-18,0,166.09,0,-166.09,0,0,0,0,0,10,10,BARCENAS ANA 07/16/2018 RECEIPT VOID REQ. ,August,8,fiestafl010@fiestainsurance.com,fiestafl010@fiestainsurance.com,acc@fiestainsurance.com,acc_fl@fiestainsurance.com,mfaulkner@fiestainsurance.com,mfaulkner@fiestainsurance.com,,,,42
FL021,9-Aug-18,413.71,413.71,10-Aug-18,0,0,0,0,0,0,0,0,0,10,10,PEREZ LUIS M 08/08/2018 RECEIPT VOID REQ. ,August,8,fiestafl021@fiestainsurance.com,ymilian@fiestainsurance.com,acc@fiestainsurance.com,acc_fl@fiestainsurance.com,mfaulkner@fiestainsurance.com,mfaulkner@fiestainsurance.com,,,,42
PA002,15-Aug-18,158,160.5,16-Aug-18,2.5,0,0,0,0,2.5,0,0,0,0,0,DVP-OVER (PENALTY REMOVED PER DIANE REQ. ),August,8,fiestapa002@fiestainsurance.com,fiestapa002@fiestainsurance.com,acc@fiestainsurance.com,acc_pa@fiestainsurance.com,mfaulkner@fiestainsurance.com,mfaulkner@fiestainsurance.com,,,,42
TX032,20-Aug-18,25.77,25.77,21-Aug-18,0,555,0,-555,0,0,0,0,0,10,10,BHARATI AMIT 08/16/2018 RECEIPT VOID REQ. ,August,8,fiestatx032@fiestainsurance.com,pcastro@fiestainsurance.com,acc@fiestainsurance.com,acc_tx@fiestainsurance.com,mfaulkner@fiestainsurance.com,mfaulkner@fiestainsurance.com,,,,42
CA001,2-Aug-18,3204.92,3204.92,3-Aug-18,0,575.36,0,-575.36,0,0,0,0,0,10,10,ULLOA DAVID 07/27/2018 RECEIPT VOID REQ. ,August,8,fiestaca001@fiestainsurance.com,fiestaca001@fiestainsurance.com,acc@fiestainsurance.com,acc_ca@fiestainsurance.com,mfaulkner@fiestainsurance.com,mfaulkner@fiestainsurance.com,,,,41
CA013,2-Aug-18,835.44,835.44,3-Aug-18,0,593.4,0,-593.4,0,0,0,25,0,10,35,"SVP- NO BFA/ NO APP 104631666600001  RP-1",August,8,fiestaca013@fiestainsurance.com,fiestaca013@fiestainsurance.com,acc@fiestainsurance.com,acc_ca@fiestainsurance.com,mfaulkner@fiestainsurance.com,mfaulkner@fiestainsurance.com,,,,41
CA015,1-Aug-18,2491.06,2491.06,3-Aug-18,0,888.74,0,-888.74,0,0,0,25,50,0,75,"DVP-LATE  SVP- MISSING PAGE 14 MIL4165938",August,8,fiestaca007@fiestainsurance.com,fiestaca015@fiestainsurance.com,acc@fiestainsurance.com,acc_ca@fiestainsurance.com,mfaulkner@fiestainsurance.com,mfaulkner@fiestainsurance.com,,,,41
CA032,14-Aug-18,2159.72,2159.72,15-Aug-18,0,1774,0,-1774,0,0,0,25,0,0,25,SVP- PAGES 3-4 & 12-13 MISSING MIL4180028,August,8,fiestaca023@fiestainsurance.com,fiestaca026@fiestainsurance.com,acc@fiestainsurance.com,acc_ca@fiestainsurance.com,mfaulkner@fiestainsurance.com,mfaulkner@fiestainsurance.com,,,,41
CA096,27-Aug-18,1749.83,1749.83,28-Aug-18,0,568.38,0,-568.38,0,0,0,0,50,0,50,DVP- USED WRONG STORE # DEPOSIT SLIP $50 ,August,8,fiestaca098@fiestainsurance.com,fiestaca098@fiestainsurance.com,acc@fiestainsurance.com,acc_ca@fiestainsurance.com,mfaulkner@fiestainsurance.com,mfaulkner@fiestainsurance.com,,,,41
FL028,29-Aug-18,160,160,30-Aug-18,0,0,0,0,0,0,0,25,0,0,25,SVP-G00920846000 EFF 8/28/18 MISSING PG 2,August,8,fiestafl011@fiestainsurance.com,fiestafl011@fiestainsurance.com,acc@fiestainsurance.com,acc_fl@fiestainsurance.com,mfaulkner@fiestainsurance.com,mfaulkner@fiestainsurance.com,,,,41
NM001,13-Aug-18,1601.65,1601.65,14-Aug-18,0,149.53,0,-149.53,0,0,0,0,0,10,10,JONES RIVIS 08/08/2018 RECEIPT VOID REQ. ,August,8,fiestanm001@fiestainsurance.com,fiestanm001@fiestainsurance.com,acc@fiestainsurance.com,acc_nm@fiestainsurance.com,mfaulkner@fiestainsurance.com,mfaulkner@fiestainsurance.com,,,,41
TX014,13-Aug-18,514.05,514.05,14-Aug-18,0,719.04,0,-719.04,0,0,0,25,0,0,25,SVP- NO AGENT SIGNATURE ON APP. 200288262,August,8,fiestatx032@fiestainsurance.com,pcastro@fiestainsurance.com,acc@fiestainsurance.com,acc_tx@fiestainsurance.com,mfaulkner@fiestainsurance.com,mfaulkner@fiestainsurance.com,,,,41
CA008,17-Aug-18,1162.09,1162,20-Aug-18,-0.09,1026.85,0,-1026.85,0,-0.09,0,25,50,0,75,"DVP-SHORT  SVP- INC APP. 104631674311001",August,8,fiestaca003@fiestainsurance.com,fiestaca003@fiestainsurance.com,acc@fiestainsurance.com,acc_ca@fiestainsurance.com,mfaulkner@fiestainsurance.com,mfaulkner@fiestainsurance.com,,,,40
CA008,7-Aug-18,0,385.03,20-Aug-18,385.03,0,0,0,0,385.03,0,0,0,0,0,ADD. DEP TO COVER SHORTAGE ON 08/07/2018,August,8,,,acc@fiestainsurance.com,acc_ca@fiestainsurance.com,acoss@fiestainsurance.com,maulkner@fiestainsurance.com,,,,40
CA069,15-Aug-18,898.17,898.17,16-Aug-18,0,0,0,0,0,0,0,25,0,0,25,SVP- PAGE 11 OF 11 IS MISSING MIL4180995,August,8,fiestaca031@fiestainsurance.com,fiestaca031@fiestainsurance.com,acc@fiestainsurance.com,acc_ca@fiestainsurance.com,mfaulkner@fiestainsurance.com,mfaulkner@fiestainsurance.com,,,,40