Store,Date,Gross Commissions,Commissions Percentage Tier 1,Commissions Tier 1,Commissions Percentage Tier 2,Commissions Tier 2,Total Commissions,Tax Preparation Revenue,Number of Tax Returns,Royalty Per Return,Tax Royalties,Net Tax Revenue,Total Revenue,Hourly Wages,Overtime,Bonus & Commissions,Payroll Taxes - ER,Workers Comp Insurance,Payroll Processing Fees,Policy Manager,Licenses and Permits,Rating Software,Motor Vehicle Reports,Loan Due From Franchisee,Minimum Royalty Fee,Servicing Fee,Trade Shows,Trust Acctg - A/R,Telephone,Postage,Television/Radio,Licenses & Permits,Trust Acct Shortage/Overage,Internet,On Hold Recording,Scanning Violation Fees,Deposit Violation Fees,Bad Debts,Print,Reimbursed Fees - Other,Gas,D&S Memberships,E&O Insurance,Rent,Supplies,Building/Office,Referral Fees,Small Equip Purchases Under$500,Small FF&E Under$500,Legal Fees,CAM Charges,Cell Phone,Security,Electricity,AR Violation Fees,Advertising,DOI Appointment Fees,Notes,DOI License Fee,Entrepreneur Magazine,Franchise Gator Leads,Franchise Guide Supplies,Franchise Times Magazine,Leads,SEO (Search Engine Optimization),Sign - Installment,Signature Pad,Other Transactions,Previous Unpaid Balance,Total Deductions,Balance Due To/(From) Franchise,Email,Email 2,Email 3,
AZ001,1/31/2013,"$1,812.43",75.00%,"$1,359.32",,,"$1,359.32",$0.00,0,$0.00,$0.00,$0.00,"$1,359.32",,,,,,,$150.00,,,,,,,,$98.66,,,,,,,,$150.00,$100.00,,,,,,$458.24,,,,,,,,,,,,$20.00,,,,,,,,,,,,,,,$976.90,$382.42,fiestaaz001@fiestainsurance.com,fiestaaz001@fiestainsurance.com,acc@fiestainsurance.com,
AZ002,1/31/2013,"$1,337.52",75.00%,"$1,003.14",,,"$1,003.14",$0.00,0,$0.00,$0.00,$0.00,"$1,003.14",,,,,,,$150.00,,,,,,,,$24.02,,,,,-59.17,,,$25.00,,,,,,,$458.24,,,,,,,,,,,,$30.00,,,,,,,,,,,,,,,$628.09,$375.05,fiestaaz002@fiestainsurance.com,fiestaaz002@fiestainsurance.com,acc@fiestainsurance.com,
AZ003,1/31/2013,"$1,223.81",75.00%,$917.86,,,$917.86,$0.00,0,$0.00,$0.00,$0.00,$917.86,,,,,,,$150.00,,,,,,,,$789.19,,,,,,,,$25.00,$50.00,,,,,,$458.24,,,,,,,,,,,,$90.00,,,,,,,,,,,,,,,"$1,562.43",-$644.57,fiestaaz003@fiestainsurance.com,fiestaaz003@fiestainsurance.com,acc@fiestainsurance.com,
CA001,1/31/2013,"$25,835.75",85.00%,"$9,210.39",80.00%,"$12,000.00","$21,210.39",$0.00,0,$0.00,$0.00,$0.00,"$21,210.39",,,,,,,$150.00,,,,,,,,$126.18,,,,,"4,375.61",,,$200.00,$50.00,,,,,,$458.24,,,,,,,,,,,,$50.00,,,,,,,,,,,,,,,"$5,410.03","$15,800.36",fiestaca001@fiestainsurance.com,fiestaca001@fiestainsurance.com,acc@fiestainsurance.com,
CA002,1/31/2013,"$10,626.84",80.00%,"$8,501.47",,,"$8,501.47",$0.00,0,$0.00,$0.00,$0.00,"$8,501.47",,,,,,,$150.00,,,,,,,,$630.54,,,,,,,,$50.00,,,,,,,$458.24,,,,,,,,,,,,$60.00,,,,,,,,,,,,,,,"$1,348.78","$7,152.69",fiestaca002@fiestainsurance.com,fiestaca002@fiestainsurance.com,acc@fiestainsurance.com,
CA003,1/31/2013,"$4,984.19",77.50%,"$3,862.75",,,"$3,862.75",$0.00,0,$0.00,$0.00,$0.00,"$3,862.75",,,,,,,$150.00,,,,$500.00,,,,,$184.80,,,$576.64,117.77,,,$25.00,$50.00,,,,,,$458.24,"$2,452.50",,,,,,,$700.00,,,,,,,,,,,,,,,,,,"$12,419.74","$5,214.95","-$13,771.94",fiestaca003@fiestainsurance.com,fiestaca003@fiestainsurance.com,acc@fiestainsurance.com,
CA004,1/31/2013,"$18,269.44",85.00%,"$2,779.02",80.00%,"$12,000.00","$14,779.02",$0.00,0,$0.00,$0.00,$0.00,"$14,779.02",,,,,,,$150.00,,,,,,,,$155.82,,,,,-10.70,,,$50.00,,,,,,,$458.24,,,,,,,,,,,,$20.00,,,,,,,,,,,,,,,$823.36,"$13,955.66",fiestaca001@fiestainsurance.com,fiestaca001@fiestainsurance.com,acc@fiestainsurance.com,
CA005,1/31/2013,"$4,941.44",80.00%,"$3,953.15",,,"$3,953.15",$0.00,0,$0.00,$0.00,$0.00,"$3,953.15",,,,,,,$150.00,,,,,,,,$5.00,,,,$22.00,-119.00,,,$50.00,,,,,,,$458.24,"$2,505.75",,,,,,,,,,,$10.00,,,,,,,,,,,,,,,"$3,081.99",$871.16,fiestaca001@fiestainsurance.com,fiestaca005@fiestainsurance.com,acc@fiestainsurance.com,
CA006,1/31/2013,"$27,295.32",85.00%,"$10,451.02",80.00%,"$12,000.00","$22,451.02",$0.00,0,$0.00,$0.00,$0.00,"$22,451.02",,,,,,,$150.00,,,,,,,,$586.97,,,,,0.06,,,,,,,,,,$458.24,,,,,,,,,,,,$100.00,,,,,,,,,,,,,,,"$1,295.27","$21,155.75",fiestaca002@fiestainsurance.com,fiestaca002@fiestainsurance.com,acc@fiestainsurance.com,
CA007,1/31/2013,"$6,560.49",100.00%,"$6,560.49",,,"$6,560.49",$0.00,0,$0.00,$0.00,$0.00,"$6,560.49",,,,,,,$150.00,,,,,,,,$57.00,$334.67,,,$66.00,182.19,,,$25.00,$50.00,,,,,,$458.24,"$4,051.83",,,,,,,"$1,662.00",,$114.00,$186.84,$10.00,,,,,,,,,,,,,,,"$7,347.77",-$787.28,fiestaca007@fiestainsurance.com,fiestaca007@fiestainsurance.com,acc@fiestainsurance.com,
CA008,1/31/2013,"$9,684.62",67.50%,"$6,537.12",,,"$6,537.12",$0.00,0,$0.00,$0.00,$0.00,"$6,537.12",,,,,,,$150.00,,,,,,,,$0.13,,,,,532.89,,,$25.00,$100.00,,,,,,$458.24,,,,,,,,,,,,$30.00,,,,,,,,,,,,,,,"$1,296.26","$5,240.86",fiestaca003@fiestainsurance.com,fiestaca008@fiestainsurance.com,acc@fiestainsurance.com,
CA009,1/31/2013,"$4,913.64",75.00%,"$3,685.23",,,"$3,685.23",$0.00,0,$0.00,$0.00,$0.00,"$3,685.23","$3,732.00",$99.00,"$2,640.00",$870.35,,,$150.00,,$232.75,,,,,,$636.70,$184.80,,,,"2,462.54",,,$50.00,,,,,,,$458.24,"$2,887.50",,,,,,,$572.38,,,$156.61,$40.00,,,,,,,,,,,,,,"$8,633.44","$15,172.87","-$20,121.08",fiestaca009@fiestainsurance.com,fiestaca009@fiestainsurance.com,acc@fiestainsurance.com,
CA010,1/31/2013,"$4,288.77",65.00%,"$2,787.70",,,"$2,787.70",$0.00,0,$0.00,$0.00,$0.00,"$2,787.70",,,,,,,$150.00,,,,$500.00,,,,$86.59,,,,,"1,628.19",,,,$250.00,,,,,,$458.24,,,,,,,,,,,,$40.00,,,,,,,,,,,,,,,"$3,113.02",-$325.32,fiestaca010@fiestainsurance.com,fiestaca010@fiestainsurance.com,acc@fiestainsurance.com,
CA011,1/31/2013,"$7,294.65",80.00%,"$5,835.72",,,"$5,835.72",$0.00,0,$0.00,$0.00,$0.00,"$5,835.72",,,,,,,$150.00,,,,,,,,$2.03,,,,,44.55,,,$25.00,,,,,,,$458.24,,,,,,,,,,,,$20.00,,,,,,,,,,,,,,,$699.82,"$5,135.90",fiestaca011@fiestainsurance.com,fiestaca011@fiestainsurance.com,acc@fiestainsurance.com,
CA012,1/31/2013,"$18,055.24",85.00%,"$2,596.95",80.00%,"$12,000.00","$14,596.95",$0.00,0,$0.00,$0.00,$0.00,"$14,596.95",,,,,,,$150.00,,,,,,,,-$126.00,,,,,-139.00,,,,$100.00,,,,,,$458.24,,,,,,,,,,,,$10.00,,,,,,,,,,,,,,,$453.24,"$14,143.71",fiestaca011@fiestainsurance.com,fiestaca011@fiestainsurance.com,acc@fiestainsurance.com,
CA013,1/31/2013,"$7,834.00",65.00%,"$5,092.10",,,"$5,092.10",$0.00,0,$0.00,$0.00,$0.00,"$5,092.10",,,,,,,$150.00,,,,,,,,"$1,499.67",,,,,433.84,,,,$100.00,,,,,,$458.24,,,,,,,,,,,,$120.00,,,,,,,,,,,,,,,"$2,761.75","$2,330.35",fiestaca013@fiestainsurance.com,fiestaca013@fiestainsurance.com,acc@fiestainsurance.com,
CA014,1/31/2013,"$7,190.43",80.00%,"$5,752.34",,,"$5,752.34",$0.00,0,$0.00,$0.00,$0.00,"$5,752.34",,,,,,,$150.00,,,,,,,,$0.10,,,,,302.00,,,,$50.00,,,,,,$458.24,,,,,,,,,,,,$10.00,,,,,,,,,,,,,,,$970.34,"$4,782.00",fiestaca014@fiestainsurance.com,fiestaca014@fiestainsurance.com,acc@fiestainsurance.com,
CA015,1/31/2013,"$10,284.24",80.00%,"$8,227.39",,,"$8,227.39",$0.00,0,$0.00,$0.00,$0.00,"$8,227.39",,,,,,,$150.00,,$232.75,,,,,,$52.00,$334.67,,,,0.01,,,,,,,,,,$458.24,"$3,977.55",,,,,,,$620.00,,$114.00,$213.50,$10.00,,,,,,,,,,,,,,,"$6,162.72","$2,064.67",fiestaca007@fiestainsurance.com,fiestaca007@fiestainsurance.com,acc@fiestainsurance.com,
CA016,1/31/2013,"$1,961.90",80.00%,"$1,569.52",,,"$1,569.52",$0.00,0,$0.00,$0.00,$0.00,"$1,569.52",,,,,,,$150.00,,,,,,,,,,,,,5.60,,,$25.00,,,,,,,$458.24,,,,,,,,,,,,,$640.00,,,,,,,,,,,,,,"$1,278.84",$290.68,fiestaca011@fiestainsurance.com,fiestaca011@fiestainsurance.com,acc@fiestainsurance.com,
CA020,1/31/2013,"$5,645.46",65.00%,"$3,669.55",,,"$3,669.55",$0.00,0,$0.00,$0.00,$0.00,"$3,669.55",,,,,,,$150.00,,,,$562.98,,-$500.00,,$29.36,,,,,-48.16,,,$125.00,,,,,,,$458.24,,,,,,,,,,,,$10.00,,,,,,,,,,,,,,,$787.42,"$2,882.13",fiestaca020@fiestainsurance.com,fiestaca020@fiestainsurance.com,acc@fiestainsurance.com,
CA022,1/31/2013,"$2,745.52",80.00%,"$2,196.42",,,"$2,196.42",$0.00,0,$0.00,$0.00,$0.00,"$2,196.42",,,,,,,$150.00,,,,,,,,,,,,,10.00,,,,,,,,,,$458.24,,,,,,,,,,,,,,,,,,,,,,,,,,,$618.24,"$1,578.18",fiestaca011@fiestainsurance.com,fiestaca011@fiestainsurance.com,acc@fiestainsurance.com,
CA023,1/31/2013,"$5,947.68",80.00%,"$4,758.14",,,"$4,758.14",$0.00,0,$0.00,$0.00,$0.00,"$4,758.14",,,,,,,$150.00,,,,,,,,-$80.00,,,,,179.72,,,,$50.00,,,,,,$458.24,,,,,,,,,,,,,,,,,,,,,,,,,,,$757.96,"$4,000.18",fiestaca023@fiestainsurance.com,fiestaca023@fiestainsurance.com,acc@fiestainsurance.com,
CA024,1/31/2013,"$6,489.89",80.00%,"$5,191.91",,,"$5,191.91",$0.00,0,$0.00,$0.00,$0.00,"$5,191.91",,,,,,,$150.00,,,,,,,,-$73.60,,,,,"1,046.52",,,,$100.00,,,,,,$458.24,,,,,,,,,,,,$10.00,,,,,,,,,,,,,,,"$1,691.16","$3,500.75",fiestaca023@fiestainsurance.com,fiestaca023@fiestainsurance.com,acc@fiestainsurance.com,
CA025,1/31/2013,"$2,624.69",77.50%,"$2,034.13",,,"$2,034.13",$0.00,0,$0.00,$0.00,$0.00,"$2,034.13",,,,,,,$150.00,,,,,,,,$92.00,,,,,78.10,,,,$50.00,,,,,,$458.24,,,,,,,,,,,,$10.00,$213.08,,,,,,,,,,,,,,"$1,051.42",$982.71,fiestaca025@fiestainsurance.com,fiestaca025@fiestainsurance.com,acc@fiestainsurance.com,
CA026,1/31/2013,"$9,034.85",80.00%,"$7,227.88",,,"$7,227.88",$0.00,0,$0.00,$0.00,$0.00,"$7,227.88",,,,,,,$150.00,,,,,,,,$8.20,,,,,37.37,,,$25.00,$50.00,,,,,,$458.24,,,,,,,,,,,,$20.00,,,,,,,,,,,,,,,$748.81,"$6,479.07",fiestaca023@fiestainsurance.com,fiestaca023@fiestainsurance.com,acc@fiestainsurance.com,
CA027,1/31/2013,"$6,942.12",75.00%,"$5,206.59",,,"$5,206.59",$0.00,0,$0.00,$0.00,$0.00,"$5,206.59",,,,,,,$150.00,,,,,,,,,,,,,57.05,,,,$50.00,,,,,,$458.24,,,,,,,,,,,,,,,,,,,,,,,,,,,$715.29,"$4,491.30",fiestaca027@fiestainsurance.com,fiestaca027@fiestainsurance.com,acc@fiestainsurance.com,
CA028,1/31/2013,"$7,776.29",80.00%,"$6,221.03",,,"$6,221.03",$0.00,0,$0.00,$0.00,$0.00,"$6,221.03",,,,,,,$150.00,,,,,,,,$54.00,,,,,-662.87,,,$25.00,,,,,,,$458.24,,,,,,,,,,,,$50.00,,,,,,,,,,,,,,,$74.37,"$6,146.66",fiestaca014@fiestainsurance.com,fiestaca014@fiestainsurance.com,acc@fiestainsurance.com,
CA030,1/31/2013,"$7,127.80",77.50%,"$5,524.04",,,"$5,524.04",$0.00,0,$0.00,$0.00,$0.00,"$5,524.04",,,,,,,$150.00,,,,,,,,-$208.96,,,,,"5,961.53",,,,$100.00,,,,,,$458.24,,,,,,,,,,,,$20.00,$270.41,,,,,,,,,,,,,,"$6,751.22","-$1,227.18",fiestaca030@fiestainsurance.com,fiestaca030@fiestainsurance.com,acc@fiestainsurance.com,
CA031,1/31/2013,"$6,804.63",75.00%,"$5,103.47",,,"$5,103.47",$0.00,0,$0.00,$0.00,$0.00,"$5,103.47",,,,,,,$150.00,,,,,,,,,,,,,,,,,,,,,,,$458.24,,,,,,,,,,,,,$640.00,,,,,,,,,,,,,,"$1,248.24","$3,855.23",fiestaca031@fiestainsurance.com,fiestaca031@fiestainsurance.com,acc@fiestainsurance.com,
CA032,1/31/2013,"$6,257.47",80.00%,"$5,005.98",,,"$5,005.98",$0.00,0,$0.00,$0.00,$0.00,"$5,005.98",,,,,,,$150.00,,,,,,,,$0.80,,,,,217.88,,,,$50.00,,,,,,$458.24,,,,,,,,,,,,$10.00,,,,,,,,,,,,,,,$886.92,"$4,119.06",fiestaca023@fiestainsurance.com,fiestaca023@fiestainsurance.com,acc@fiestainsurance.com,
CA033,1/31/2013,"$15,538.62",85.00%,$457.83,80.00%,"$12,000.00","$12,457.83",$0.00,0,$0.00,$0.00,$0.00,"$12,457.83",,,,,,,$150.00,,,,,,,,-$17.80,,,,,-3.50,,,,,,,,,,$458.24,,,,,,,,,,,,$30.00,$114.29,,,,,,,,,,,,,,$731.23,"$11,726.60",fiestaca023@fiestainsurance.com,fiestaca023@fiestainsurance.com,acc@fiestainsurance.com,
CA034,1/31/2013,"$3,814.23",75.00%,"$2,860.67",,,"$2,860.67",$0.00,0,$0.00,$0.00,$0.00,"$2,860.67",,,,,,,$150.00,,,,,,,,-$55.00,$361.22,,,,,,,,,,,,,,$458.24,"$2,572.05",,,,,,,$408.89,,$114.00,$260.72,,,,,,,,,,,,,,,"$6,151.17","$4,270.12","-$7,560.62",fiestaca034@fiestainsurance.com,fiestaca034@fiestainsurance.com,acc@fiestainsurance.com,
CA035,1/31/2013,"$2,446.68",75.00%,"$1,835.01",,,"$1,835.01",$0.00,0,$0.00,$0.00,$0.00,"$1,835.01",,,,,,,$150.00,,,,,,,,$15.07,,,,$44.00,0.40,,,,,,,,,,$458.24,,,,,,,,,,,,$20.00,,,,,,,,,,,,,,,$687.71,"$1,147.30",fiestaca035@fiestainsurance.com,fiestaca035@fiestainsurance.com,acc@fiestainsurance.com,
CA036,1/31/2013,"$6,077.69",80.00%,"$4,862.15",,,"$4,862.15",$0.00,0,$0.00,$0.00,$0.00,"$4,862.15",,,,,,,$150.00,,,,,,,,-$451.80,,,,,-0.08,,,,,"$1,533.94",,,,,$458.24,,,,,,,,,,,,$10.00,,,,,,,,,,,,,,,"$1,700.30","$3,161.85",fiestaca023@fiestainsurance.com,fiestaca023@fiestainsurance.com,acc@fiestainsurance.com,
CA037,1/31/2013,"$5,363.54",80.00%,"$4,290.83",,,"$4,290.83",$0.00,0,$0.00,$0.00,$0.00,"$4,290.83",,,,,,,$150.00,,,,,,,,-$485.45,,,,,-1.60,,,$25.00,,,,,,,$458.24,,,,,,,,,,,,$20.00,,,,,,,,,,,,,,,$166.19,"$4,124.64",fiestaca023@fiestainsurance.com,fiestaca023@fiestainsurance.com,acc@fiestainsurance.com,
CA038,1/31/2013,"$8,406.09",80.00%,"$6,724.87",,,"$6,724.87",$0.00,0,$0.00,$0.00,$0.00,"$6,724.87",,,,,,,$150.00,,,,,,,,$453.67,,,,,102.96,,,,$50.00,,,,,,$458.24,,,,,,,,,,,,$40.00,$77.88,,,,,,,,,,,,,,"$1,332.75","$5,392.12",fiestaca023@fiestainsurance.com,fiestaca023@fiestainsurance.com,acc@fiestainsurance.com,
CA039,1/31/2013,"$8,905.09",80.00%,"$7,124.07",,,"$7,124.07",$0.00,0,$0.00,$0.00,$0.00,"$7,124.07",,,,,,,$150.00,,,,,,,,-$561.43,,,,,-0.08,,,,,,,,,,$458.24,,,,,,,,,,,,$20.00,,,,,,,,,,,,,,,$66.73,"$7,057.34",fiestaca002@fiestainsurance.com,fiestaca002@fiestainsurance.com,acc@fiestainsurance.com,
CA040,1/31/2013,,75.00%,$0.00,,,$0.00,$0.00,0,$0.00,$0.00,$0.00,$0.00,,,,,,,,,,,,,,,,,,,,,,,,,,,,,,$458.24,,,,,,,,,,,,,,,,,,,,,,,,,,,$458.24,-$458.24,fiestaca040@fiestainsurance.com,fiestaca040@fiestainsurance.com,acc@fiestainsurance.com,
CA041,1/31/2013,"$3,392.05",80.00%,"$2,713.64",,,"$2,713.64",$0.00,0,$0.00,$0.00,$0.00,"$2,713.64",,,,,,,$150.00,,,,,,,,$8.00,,,,,-90.20,,,,,,,,,,$458.24,"$1,487.50",,,,,,,$442.00,,,$91.82,$10.00,,,,,,,,,,,,,,,"$2,557.36",$156.28,fiestaca007@fiestainsurance.com,fiestaca007@fiestainsurance.com,acc@fiestainsurance.com,
CA042,1/31/2013,"$5,791.04",75.00%,"$4,343.28",,,"$4,343.28",$0.00,0,$0.00,$0.00,$0.00,"$4,343.28",,,,,,,$150.00,,,,,,,,$0.04,,,,,-586.09,,,,,,,,,,$458.24,,,,,,,,,,,,$10.00,,,,,,,,,,,,,,,$32.19,"$4,311.09",fiestaca042@fiestainsurance.com,fiestaca042@fiestainsurance.com,acc@fiestainsurance.com,
CA045,1/31/2013,"$2,129.26",77.50%,"$1,650.18",,,"$1,650.18",$0.00,0,$0.00,$0.00,$0.00,"$1,650.18",,,,,,,$150.00,,,,,,,,-$115.00,,,,,5.00,,,$25.00,,,,,,,$458.24,,,,,,,,,,,,,$364.17,,,,,,,,,,,,,,$887.41,$762.77,fiestaca045@fiestainsurance.com,fiestaca045@fiestainsurance.com,acc@fiestainsurance.com,
CA050,1/31/2013,"$3,216.16",75.00%,"$2,412.12",,,"$2,412.12",$0.00,0,$0.00,$0.00,$0.00,"$2,412.12",,,,,,,$150.00,,,,,,,,$52.11,,,,,87.08,,,,$50.00,,,,,,$458.24,,,,,,,,,,,,$10.00,$213.08,,,,,,,,,,,,,,"$1,020.51","$1,391.61",fiestaca050@fiestainsurance.com,fiestaca050@fiestainsurance.com,acc@fiestainsurance.com,
CA051,1/31/2013,$672.54,75.00%,$504.40,,,$504.40,$0.00,0,$0.00,$0.00,$0.00,$504.40,,,,,,,$150.00,,,,,,,,-$558.08,,,,,4.87,,,$50.00,,,,,,,$458.24,,,,,,,,,,,,$20.00,,,,,,,,,,,,,,"$1,781.24",$125.03,"-$1,401.87",fiestaca051@fiestainsurance.com,fiestaca051@fiestainsurance.com,acc@fiestainsurance.com,
CA054,1/31/2013,"$5,842.16",80.00%,"$4,673.73",,,"$4,673.73",$0.00,0,$0.00,$0.00,$0.00,"$4,673.73",,,,,,,$150.00,,,,,,,,$109.68,,,,,335.03,,,$50.00,$250.00,,,,,,$458.24,,,,,,,,,,,,$30.00,,,,,,,,,,,,,,,"$1,382.95","$3,290.78",fiestaca014@fiestainsurance.com,fiestaca014@fiestainsurance.com,acc@fiestainsurance.com,
CA055,1/31/2013,$600.43,75.00%,$450.32,,,$450.32,$0.00,0,$0.00,$0.00,$0.00,$450.32,,,,,,,$150.00,,,,,,,,$145.74,,,,,-20.00,,,,,,,,,,$458.24,,,,,,,,,,,,$20.00,,,,,,,,,,,,,,,$753.98,-$303.66,fiestaca055@fiestainsurance.com,fiestaca055@fiestainsurance.com,acc@fiestainsurance.com,
CA056,1/31/2013,"$5,158.04",80.00%,"$4,126.43",,,"$4,126.43",$0.00,0,$0.00,$0.00,$0.00,"$4,126.43",,,,,,,$150.00,,,,,,,,-$287.00,,,,,0.02,,,,,,,,,,$458.24,,,,,,,,,,,,$10.00,,,,,,,,,,,,,,,$331.26,"$3,795.17",fiestaca002@fiestainsurance.com,fiestaca002@fiestainsurance.com,acc@fiestainsurance.com,
CA057,1/31/2013,,80.00%,$0.00,,,$0.00,$0.00,0,$0.00,$0.00,$0.00,$0.00,,,,,,,$150.00,,,,,,,,,,,,$44.00,9.11,,,,,,,,,,$458.24,,,,,,,,,,,,,,,,,,,,,,,,,,"$1,000.00",$661.35,"-$1,661.35",fiestaca023@fiestainsurance.com,fiestaca023@fiestainsurance.com,acc@fiestainsurance.com,
CA058,1/31/2013,$625.20,80.00%,$500.16,,,$500.16,$0.00,0,$0.00,$0.00,$0.00,$500.16,,,,,,,$150.00,,,,$752.08,,,,,,,,,181.77,,,,$50.00,,,,,,$458.24,,,,,,,,,,,,,,,,,,,,,,,,,,,"$1,592.09","-$1,091.93",fiestaca023@fiestainsurance.com,fiestaca023@fiestainsurance.com,acc@fiestainsurance.com,
CA059,1/31/2013,,80.00%,$0.00,,,$0.00,$0.00,0,$0.00,$0.00,$0.00,$0.00,,,,,,,,,,,,,,,,,,,,,,,,,,,,,,$458.24,,,,,,,,,,,,,,,,,,,,,,,,,$500.00,,$958.24,-$958.24,fiestaca023@fiestainsurance.com,fiestaca023@fiestainsurance.com,acc@fiestainsurance.com,
CA060,1/31/2013,,80.00%,$0.00,,,$0.00,$0.00,0,$0.00,$0.00,$0.00,$0.00,,,,,,,$150.00,,,,,,,,,,,,$22.00,,,,,,,,,,,$458.24,,,,,,,,,,,,,,,,,,,,,,,,,"$1,000.00",,"$1,630.24","-$1,630.24",fiestaca014@fiestainsurance.com,fiestaca014@fiestainsurance.com,acc@fiestainsurance.com,
CA064,1/31/2013,,75.00%,$0.00,,,$0.00,$0.00,0,$0.00,$0.00,$0.00,$0.00,,,,,,,$150.00,,,,,,,,,,,,,,,,,,,,,,,$458.24,,,,,,,,,,,,,,,,,,,,,,,,,,"$1,221.00",$608.24,"-$1,829.24",fiestaca064@fiestainsurance.com,fiestaca064@fiestainsurance.com,acc@fiestainsurance.com,
CA065,1/31/2013,$80.31,77.50%,$62.24,,,$62.24,$0.00,0,$0.00,$0.00,$0.00,$62.24,,,,,,,$150.00,,,,$867.76,,,,,,,,,-4.80,,,,,,,,,,$458.24,,,,,,,,,,,,,$213.09,,,,,,,,,,,,,,"$1,684.29","-$1,622.05",fiestaca025@fiestainsurance.com,fiestaca025@fiestainsurance.com,acc@fiestainsurance.com,
CO001,1/31/2013,"$2,194.07",75.00%,"$1,645.55",,,"$1,645.55",$0.00,0,$0.00,$0.00,$0.00,"$1,645.55",,,,,,,$150.00,,,,,,,,$424.10,,,,,,,,$75.00,$50.00,,,,,,$458.24,,,,,,,,,,,,$40.00,,,,,,,,,,,,,,,"$1,197.34",$448.21,fiestaco001@fiestainsurance.com,fiestaco001@fiestainsurance.com,acc@fiestainsurance.com,
CO002,1/31/2013,"$3,288.05",75.00%,"$2,466.04",,,"$2,466.04",$0.00,0,$0.00,$0.00,$0.00,"$2,466.04",,,,,,,$150.00,,,,,,,,$342.34,,,,,74.68,,,$75.00,$100.00,,,,,,$458.23,,,,,,,,,,,,$40.00,,,,,,,,,,,,,,,"$1,240.25","$1,225.79",fiestaco002@fiestainsurance.com,fiestaco002@fiestainsurance.com,acc@fiestainsurance.com,
FL001,1/31/2013,"$12,629.02",75.00%,"$9,471.76",,,"$9,471.76",$0.00,0,$0.00,$0.00,$0.00,"$9,471.76",,,,,,,$150.00,,,,,,,,$97.20,,,,,123.27,,,$175.00,$150.00,,,,,,$458.23,,,,,,,,,,,,$30.00,,,,,,,,,,,,,,,"$1,183.70","$8,288.06",fiestafl001@fiestainsurance.com,fiestafl001@fiestainsurance.com,acc@fiestainsurance.com,
FL002,1/31/2013,"$12,562.81",75.00%,"$9,422.11",,,"$9,422.11",$0.00,0,$0.00,$0.00,$0.00,"$9,422.11",,,,,,,$150.00,,,,,,,,$321.44,,,,,565.20,,,$150.00,$50.00,,,,,,$458.23,,,,,,,,,,,,$20.00,,,,,,,,,,,,,,,"$1,714.87","$7,707.24",fiestafl002@fiestainsurance.com,fiestafl002@fiestainsurance.com,acc@fiestainsurance.com,
FL004,1/31/2013,"$3,677.04",75.00%,"$2,757.78",,,"$2,757.78",$0.00,0,$0.00,$0.00,$0.00,"$2,757.78",,,,,,,$150.00,,,,,,,,$796.42,,,,$61.98,-74.66,,,$150.00,$100.00,,,,,,$458.23,,,,,,,,,,,,$20.00,,,,,,,,,,,,,,,"$1,661.97","$1,095.81",fiestafl004@fiestainsurance.com,fiestafl004@fiestainsurance.com,acc@fiestainsurance.com,
FL005,1/31/2013,"$12,949.99",75.00%,"$9,712.49",,,"$9,712.49",$0.00,0,$0.00,$0.00,$0.00,"$9,712.49",,,,,,,$150.00,,,$8.95,,,,,$13.45,,,,,0.03,,,$50.00,,,,,,,$458.23,,,,,,,,,,,,$30.00,,,,,,,,,,,,,,,$710.66,"$9,001.83",fiestafl005@fiestainsurance.com,fiestafl005@fiestainsurance.com,acc@fiestainsurance.com,
FL006,1/31/2013,"$3,415.38",75.00%,"$2,561.54",,,"$2,561.54",$0.00,0,$0.00,$0.00,$0.00,"$2,561.54",,,,,,,$150.00,,,,,,,,$373.66,,,,,,,,$25.00,,,,,,,$458.23,,,,,,,,,,,,$110.00,,,,,,,,,,,,,,,"$1,116.89","$1,444.65",fiestafl006@fiestainsurance.com,fiestafl006@fiestainsurance.com,acc@fiestainsurance.com,
FL007,1/31/2013,$59.43,75.00%,$44.57,,,$44.57,$170.00,0,$0.00,$0.00,$170.00,$214.57,,,,,,,$150.00,,,,,,,,,,,,,,,,,,,,,,,$458.23,,,,,,,,,,,,,,,,,,,,,,,,,,"$2,074.43",$608.23,"-$2,468.09",fiestafl007@fiestainsurance.com,fiestafl007@fiestainsurance.com,acc@fiestainsurance.com,
FL010,1/31/2013,"$7,154.65",75.00%,"$5,365.99",,,"$5,365.99",$0.00,0,$0.00,$0.00,$0.00,"$5,365.99",,,,,,,$150.00,,,,,,,,$177.27,,,,,-35.00,,,,,,,,,,$458.23,,,,,,,,,,,,$20.00,,,,,,,,,,,,,,,$770.50,"$4,595.49",fiestafl010@fiestainsurance.com,fiestafl010@fiestainsurance.com,acc@fiestainsurance.com,
FL011,1/31/2013,"$7,565.76",75.00%,"$5,674.32",,,"$5,674.32",$0.00,0,$0.00,$0.00,$0.00,"$5,674.32",,,,,,,$150.00,,,$864.00,,,,,$562.68,,,,,-258.97,,,,$100.00,,,,,,$458.23,,,,,,,,,,,,$50.00,,,,,,,,,,,,,,,"$1,925.94","$3,748.38",fiestafl011@fiestainsurance.com,fiestafl011@fiestainsurance.com,acc@fiestainsurance.com,
FL013,1/31/2013,"$1,409.85",75.00%,"$1,057.39",,,"$1,057.39",$0.00,0,$0.00,$0.00,$0.00,"$1,057.39",,,,,,,$150.00,,,,,,,,,,,,$125.00,-15.00,,,$25.00,,,,,,,$458.23,,,,,,,,,,,,,,,,,,,,,,,,,,"$1,590.00",$743.23,"-$1,275.84",fiestafl013@fiestainsurance.com,fiestafl013@fiestainsurance.com,acc@fiestainsurance.com,
FL014,1/31/2013,"$4,719.08",75.00%,"$3,539.31",,,"$3,539.31",$0.00,0,$0.00,$0.00,$0.00,"$3,539.31",,,,,,,$150.00,,,,,,,,,,,,,,,,,,,,,,,$458.23,,,,,,,,,,,,,,,,,,,,,,,,,,,$608.23,"$2,931.08",fiestafl014@fiestainsurance.com,fiestafl014@fiestainsurance.com,acc@fiestainsurance.com,
FL015,1/31/2013,"$1,427.18",75.00%,"$1,070.38",,,"$1,070.38",$0.00,0,$0.00,$0.00,$0.00,"$1,070.38",,,,,,,$150.00,,,,,,,,$426.58,,,,$125.00,0.01,,,$100.00,,,,,,,$458.23,,,,,,,,,,,,$20.00,,,,,,,,,,,,,,"$1,412.59","$1,279.82","-$1,622.03",fiestafl015@fiestainsurance.com,fiestafl015@fiestainsurance.com,acc@fiestainsurance.com,
MI002,1/31/2013,"$2,005.08",75.00%,"$1,503.81",,,"$1,503.81",$0.00,0,$0.00,$0.00,$0.00,"$1,503.81",,,,,,,$150.00,,,,,,,,$24.00,,,,,-24.00,,,,$50.00,,,,,,$458.23,,,,,,,,,,,,$20.00,,,,,,,,,,,,,,"$1,563.17",$678.23,-$737.59,fiestami002@fiestainsurance.com,fiestami002@fiestainsurance.com,acc@fiestainsurance.com,
MI005,1/31/2013,"$8,253.94",75.00%,"$6,190.46",,,"$6,190.46",$0.00,0,$0.00,$0.00,$0.00,"$6,190.46",,,,,,,$150.00,,,,,,,,,,,,,"-1,754.59",,,$100.00,,,,,,,$458.23,,,,,,,,,,,,,,,,,,,,,,,,,,"$6,786.62","-$1,046.36",$450.20,fiestami005@fiestainsurance.com,fiestami005@fiestainsurance.com,acc@fiestainsurance.com,
MI006,1/31/2013,$687.00,75.00%,$515.25,,,$515.25,$0.00,0,$0.00,$0.00,$0.00,$515.25,,,,,,,$150.00,,,,,,,,"$1,606.85",,,,,"1,840.00",,,,$200.00,,,,,,$458.23,,,,,,,,,,,,$60.00,,,,,,,,,,,,,,"$1,102.60","$4,315.08","-$4,902.43",fiestami006@fiestainsurance.com,fiestami006@fiestainsurance.com,acc@fiestainsurance.com,
NC001,1/31/2013,"$1,127.63",75.00%,$845.72,,,$845.72,$0.00,0,$0.00,$0.00,$0.00,$845.72,,,,,,,$150.00,,,,,,,,$197.91,,,,,-4.56,,,,,,,,,,$458.23,,,,,,,,,,,,$20.00,,,,,,,,,,,,,,"$2,150.72",$821.58,"-$2,126.58",fiestanc001@fiestainsurance.com,fiestanc001@fiestainsurance.com,acc@fiestainsurance.com,
NJ001,1/31/2013,"$4,378.99",100.00%,"$4,378.99",,,"$4,378.99",$0.00,0,$0.00,$0.00,$0.00,"$4,378.99",,,,,,,,,,,,,,,,,,,,146.00,,,,$50.00,,,,,,$458.23,,,,,,,,,,,,,,,,,,,,,,,,,,,$654.23,"$3,724.76",fiestanj001@fiestainsurance.com,fiestanj001@fiestainsurance.com,acc@fiestainsurance.com,
NJ004,1/31/2013,,100.00%,$0.00,,,$0.00,$0.00,0,$0.00,$0.00,$0.00,$0.00,,,,,,,,,,,,,,,,,,,,,,,,,,,,,,$458.23,,,,,,,,,,,,,,,,,,,,,,,,,,$733.10,$458.23,"-$1,191.33",fiestanj004@fiestainsurance.com,fiestanj004@fiestainsurance.com,acc@fiestainsurance.com,
NY001,1/31/2013,"$19,011.78",80.00%,"$3,209.42",75.00%,"$11,250.00","$14,459.42",$0.00,0,$0.00,$0.00,$0.00,"$14,459.42",,,,,,,$150.00,,,,,,,,$0.26,,,,,47.21,,,$50.00,,,,,,,$458.23,,,,,,,,,,,,$20.00,,,,,,,,,,,,,,,$725.70,"$13,733.72",fiestany001@fiestainsurance.com,fiestany001@fiestainsurance.com,acc@fiestainsurance.com,
NY002,1/31/2013,"$2,423.82",75.00%,"$1,817.86",,,"$1,817.86",$0.00,0,$0.00,$0.00,$0.00,"$1,817.86",,,,,,,$150.00,,,,,,,,$489.58,,,,,35.79,,,$25.00,$100.00,,,,,,$458.23,,,,,,,,,,,,$40.00,,,,,,,,,,,,,,,"$1,298.60",$519.26,fiestany002@fiestainsurance.com,fiestany002@fiestainsurance.com,acc@fiestainsurance.com,
NY005,1/31/2013,$975.11,75.00%,$731.33,,,$731.33,$0.00,0,$0.00,$0.00,$0.00,$731.33,,,,,,,$150.00,,,,,,,,,,,,,-0.01,,,$50.00,$50.00,,,,,,$458.23,,,,,,,,,,,,$10.00,,,,,,,,,,,,,,,$718.22,$13.11,fiestany005@fiestainsurance.com,fiestany005@fiestainsurance.com,acc@fiestainsurance.com,
NY006,1/31/2013,"$5,340.24",77.50%,"$4,138.69",,,"$4,138.69",$0.00,0,$0.00,$0.00,$0.00,"$4,138.69",,,,,,,$150.00,,,,,,,,,,,,,"-1,019.00",,,$75.00,,,,,,,$458.23,,,,,,,,,,,,,,,,,,,,,,,,,,,-$335.77,"$4,474.46",fiestany006@fiestainsurance.com,fiestany006@fiestainsurance.com,acc@fiestainsurance.com,
NY007,1/31/2013,"$3,140.28",75.00%,"$2,355.21",,,"$2,355.21",$0.00,0,$0.00,$0.00,$0.00,"$2,355.21",,,,,,,$150.00,,,,,,,,,,,,,-149.99,,,,$50.00,,,,,,$458.23,,,,,,,,,,,,,,,,,,,,,,,,,,,$508.24,"$1,846.97",fiestany007@fiestainsurance.com,fiestany007@fiestainsurance.com,acc@fiestainsurance.com,
NY009,1/31/2013,$199.84,75.00%,$149.88,,,$149.88,$0.00,0,$0.00,$0.00,$0.00,$149.88,,,,,,,,,,,,,,,,,,,,,,,,,,,,,,,,,,,,,,,,,,,,,,,,,,,,,,,,"$2,799.17",$0.00,"-$2,649.29",fiestany009@fiestainsurance.com,fiestany009@fiestainsurance.com,acc@fiestainsurance.com,
NY010,1/31/2013,"$3,253.23",75.00%,"$2,439.92",,,"$2,439.92",$0.00,0,$0.00,$0.00,$0.00,"$2,439.92",,,,,,,$150.00,,,,,,,,,,,,,-160.84,,,$25.00,,,,,,,$458.23,,,,,,,,,,,,,,,,,,,,,,,,,,,$472.39,"$1,967.53",fiestany010@fiestainsurance.com,fiestany010@fiestainsurance.com,acc@fiestainsurance.com,
NY011,1/31/2013,"$2,377.64",77.75%,"$1,848.62",,,"$1,848.62",$0.00,0,$0.00,$0.00,$0.00,"$1,848.62",,,,,,,$150.00,,,,,,,,,,,,,175.00,,,$75.00,$50.00,,,,,,$458.23,,,,,,,,,,,,,,,,,,,,,,,,,,,$908.23,$940.39,fiestany006@fiestainsurance.com,fiestany006@fiestainsurance.com,acc@fiestainsurance.com,
NY014,1/31/2013,"$1,427.64",75.00%,"$1,070.73",,,"$1,070.73",$0.00,0,$0.00,$0.00,$0.00,"$1,070.73",,,,,,,$150.00,,,,,,,,$25.00,,,,,,,,$75.00,,,,,,,$458.23,,,,,,,,,,,,$10.00,,,,,,,,,,,,,,,$718.23,$352.50,fiestany014@fiestainsurance.com,fiestany014@fiestainsurance.com,acc@fiestainsurance.com,
OH001,1/31/2013,"$2,333.87",75.00%,"$1,750.40",,,"$1,750.40",$0.00,0,$0.00,$0.00,$0.00,"$1,750.40",,,,,,,$150.00,,,,,,,,$32.00,,,,,-998.73,,,,,,,,,,$458.23,,,,,,,,,,,,$20.00,,,,,,,,,,,,,,,-$338.50,"$2,088.90",fiestaoh001@fiestainsurance.com,fiestaoh001@fiestainsurance.com,acc@fiestainsurance.com,
TN002,1/31/2013,,75.00%,$0.00,,,$0.00,$0.00,0,$0.00,$0.00,$0.00,$0.00,,,,,,,$150.00,,,,,,,,,,,,,,,,,,,,,,,$458.23,,,,,,,,,,,,,,,,,,,,,,,,,,,$608.23,-$608.23,fiestatn002@fiestainsurance.com,fiestatn002@fiestainsurance.com,acc@fiestainsurance.com,
TX003,1/31/2013,"$1,075.25",75.00%,$806.44,,,$806.44,$0.00,0,$0.00,$0.00,$0.00,$806.44,,,,,,,$150.00,,,,,,,,$4.08,,,,,167.87,,,$200.00,$75.00,,,,,,$458.23,,,,,,,,,,,,$20.00,,,,,,,,,,,,,,,"$1,075.18",-$268.74,fiestatx003@fiestainsurance.com,fiestatx003@fiestainsurance.com,acc@fiestainsurance.com,
TX008,1/31/2013,$953.47,75.00%,$715.10,,,$715.10,$0.00,0,$0.00,$0.00,$0.00,$715.10,,,,,,,$150.00,,,,,,,,$934.40,,,,,-60.84,,,$75.00,$50.00,,,,,,$458.23,,,,,,,,,,,,$220.00,,,,,,,,,,,,,,,"$1,826.79","-$1,111.69",#N/A,fiestatx008@fiestainsurance.com,acc@fiestainsurance.com,
TX009,1/31/2013,"$7,136.89",80.00%,"$5,709.51",,,"$5,709.51",$0.00,0,$0.00,$0.00,$0.00,"$5,709.51",,,,,,,$150.00,,,,,,,,$240.94,,,,,17.00,,,$200.00,,,,,,,$458.23,,,,,,,,,,,,$60.00,,,,,,,,,,,,,,$42.54,"$1,126.17","$4,540.80",#N/A,fiestatx009@fiestainsurance.com,acc@fiestainsurance.com,
TX010,1/31/2013,$596.79,75.00%,$447.59,,,$447.59,$0.00,0,$0.00,$0.00,$0.00,$447.59,,,,,,,,,,,,,,,,,,,,,,,,,,,,,,,,,,,,,,,,,,,,,,,,,,,,,,,,,$0.00,$447.59,#N/A,fiestatx010@fiestainsurance.com,acc@fiestainsurance.com,
TX011,1/31/2013,"$4,364.57",75.00%,"$3,273.43",,,"$3,273.43",$0.00,0,$0.00,$0.00,$0.00,"$3,273.43",,,,,,,$150.00,,,,,,,,,,,,,-98.91,,,$75.00,,,,,,,$458.23,,,,,,,,,,,,,,,,,,,,,,,,,,,$584.32,"$2,689.11",#N/A,fiestatx011@fiestainsurance.com,acc@fiestainsurance.com,
TX013,1/31/2013,"$6,086.91",75.00%,"$4,565.18",,,"$4,565.18",$0.00,0,$0.00,$0.00,$0.00,"$4,565.18",,,,,,,$150.00,,,,,,,,$5.00,,,,,-14.35,,,,$50.00,,,,,,$458.23,,,,,,,,,,,,$20.00,,,,,,,,,,,,,,,$668.88,"$3,896.30",#N/A,fiestatx013@fiestainsurance.com,acc@fiestainsurance.com,
TX015,1/31/2013,"$5,884.09",75.00%,"$4,413.07",,,"$4,413.07",$0.00,0,$0.00,$0.00,$0.00,"$4,413.07",,,,,,,$150.00,,,,,,,,$907.53,,,,,-245.50,,,,,,,,,,$458.23,,,,,,,,,,,,$140.00,,,,,,,,,,,,,,,"$1,410.26","$3,002.81",#N/A,fiestatx015@fiestainsurance.com,acc@fiestainsurance.com,
TX016,1/31/2013,"$2,271.55",100.00%,"$2,271.55",,,"$2,271.55",$0.00,0,$0.00,$0.00,$0.00,"$2,271.55",,,,,,,$150.00,,,,,,,,$30.70,,,,,,,,,,"$3,301.00",,,,,,,,,,,,,,,,,$10.00,,,,,,,,,,,,,,,"$3,491.70","-$1,220.15",#N/A,fiestatx016@fiestainsurance.com,acc@fiestainsurance.com,
TX017,1/31/2013,"$4,862.32",75.00%,"$3,646.74",,,"$3,646.74",$0.00,0,$0.00,$0.00,$0.00,"$3,646.74",,,,,,,$150.00,,,,,,,,$2.96,,,,,-253.32,,,,,,,,,,$458.23,,,,,,,,,,,,$50.00,,,,,,,,,,,,,,,$407.87,"$3,238.87",fiestatx017@fiestainsurance.com,fiestatx017@fiestainsurance.com,acc@fiestainsurance.com,
TX018,1/31/2013,"$2,578.16",80.00%,"$2,062.53",,,"$2,062.53",$0.00,0,$0.00,$0.00,$0.00,"$2,062.53",,,,,,,$150.00,,,,,,,,$56.16,,,,,-5.00,,,,,,,,,,$458.23,,,,,,,,,,,,$10.00,,,,,,,,,,,,,,,$669.39,"$1,393.14",fiestatx009@fiestainsurance.com,fiestatx009@fiestainsurance.com,acc@fiestainsurance.com,
TX019,1/31/2013,"$5,801.81",75.00%,"$4,351.36",,,"$4,351.36",$0.00,0,$0.00,$0.00,$0.00,"$4,351.36",,,,,,,$150.00,,,,,,,,$277.00,,,,,,,,,,,,,,,$458.23,,,,,,,,,,,,$40.00,,,,,,,,,,,,,,,$925.23,"$3,426.13",fiestatx019@fiestainsurance.com,fiestatx019@fiestainsurance.com,acc@fiestainsurance.com,
TX020,1/31/2013,"$5,086.62",80.00%,"$4,069.30",,,"$4,069.30",$0.00,0,$0.00,$0.00,$0.00,"$4,069.30",,,,,,,$150.00,,,,,,,,$202.66,,,,,188.97,,,$150.00,$100.00,,,,,,$458.23,,,,,,,,,,,,$30.00,,,,,,,,,,,,,,,"$1,279.86","$2,789.44",fiestatx009@fiestainsurance.com,fiestatx009@fiestainsurance.com,acc@fiestainsurance.com,
TX024,1/31/2013,$53.55,77.50%,$41.50,,,$41.50,$0.00,0,$0.00,$0.00,$0.00,$41.50,,,,,,,$150.00,,,,,,,,$204.31,,,,,-495.36,,,$25.00,,,,,,,$458.23,,,,,,,,,,,,$30.00,,,,,,,,,,,,,,"$1,134.53",$372.18,"-$1,465.21",fiestatx024@fiestainsurance.com,fiestatx024@fiestainsurance.com,acc@fiestainsurance.com,
TX025,1/31/2013,,75.00%,$0.00,,,$0.00,$0.00,0,$0.00,$0.00,$0.00,$0.00,,,,,,,,,,,,,,,,,,,,,,,,,,,,,,$458.23,,,,,,,,,,,,,,,,,,,,,,,,,,,$458.23,-$458.23,fiestatx025@fiestainsurance.com,fiestatx025@fiestainsurance.com,acc@fiestainsurance.com,
TX026,1/31/2013,,77.50%,$0.00,,,$0.00,$0.00,0,$0.00,$0.00,$0.00,$0.00,,,,,,,$150.00,,,,,,,,,,,,,,,,,,,,,,,$458.23,,,,,,,,,,,,,,,,,,,,,,,,,,$650.00,$608.23,"-$1,258.23",fiestatx024@fiestainsurance.com,fiestatx024@fiestainsurance.com,acc@fiestainsurance.com,
TX027,1/31/2013,,77.50%,$0.00,,,$0.00,$0.00,0,$0.00,$0.00,$0.00,$0.00,,,,,,,$150.00,,,,,,,,,,,,,,,,,,,,,,,$458.23,,,,,,,,,,,,,,,,,,,,,,,,,,$740.00,$608.23,"-$1,348.23",fiestatx024@fiestainsurance.com,fiestatx024@fiestainsurance.com,acc@fiestainsurance.com,
WI001,1/31/2013,,75.00%,$0.00,,,$0.00,$0.00,0,$0.00,$0.00,$0.00,$0.00,,,,,,,,,,,,,,,,,,,,,,,,,,,,,,$458.23,,,,,,,,,,,,,,,,,,,,,,,,,,,$458.23,-$458.23,fiestawi001@fiestainsurance.com,fiestawi001@fiestainsurance.com,acc@fiestainsurance.com,
,1/31/1900,,,,,,,,,,,,,,,,,,,,,,,,,,,,,,,,"14,366.81",,,,,,,,,,,,,,,,,,,,,,,,,,,,,,,,,,,,,,,#N/A,#N/A,acc@fiestainsurance.com,
,1/31/1900,,,,,,,,,,,,,,,,,,,,,,,,,,,,,,,,,,,,,,,,,,,,,,,,,,,,,,,,,,,,,,,,,,,,,,,#N/A,#N/A,acc@fiestainsurance.com,
,1/31/1900,,,,,,,,,,,,,,,,,,,,,,,,,,,,,,,,,,,,,,,,,,,,,,,,,,,,,,,,,,,,,,,,,,,,,,,#N/A,#N/A,acc@fiestainsurance.com,
,1/31/1900,,,,,,,,,,,,,,,,,,,,,,,,,,,,,,,,,,,,,,,,,,,,,,,,,,,,,,,,,,,,,,,,,,,,,,,#N/A,#N/A,acc@fiestainsurance.com,
,1/31/1900,,,,,,,,,,,,,,,,,,,,,,,,,,,,,,,,,,,,,,,,,,,,,,,,,,,,,,,,,,,,,,,,,,,,,,,#N/A,#N/A,acc@fiestainsurance.com,
,1/31/1900,,,,,,,,,,,,,,,,,,,,,,,,,,,,,,,,,,,,,,,,,,,,,,,,,,,,,,,,,,,,,,,,,,,,,,,#N/A,#N/A,acc@fiestainsurance.com,
,1/31/1900,,,,,,,,,,,,,,,,,,,,,,,,,,,,,,,,,,,,,,,,,,,,,,,,,,,,,,,,,,,,,,,,,,,,,,,#N/A,#N/A,acc@fiestainsurance.com,
,1/31/1900,,,,,,,,,,,,,,,,,,,,,,,,,,,,,,,,,,,,,,,,,,,,,,,,,,,,,,,,,,,,,,,,,,,,,,,#N/A,#N/A,acc@fiestainsurance.com,
,1/31/1900,,,,,,,,,,,,,,,,,,,,,,,,,,,,,,,,,,,,,,,,,,,,,,,,,,,,,,,,,,,,,,,,,,,,,,,#N/A,#N/A,acc@fiestainsurance.com,
,1/31/1900,,,,,,,,,,,,,,,,,,,,,,,,,,,,,,,,,,,,,,,,,,,,,,,,,,,,,,,,,,,,,,,,,,,,,,,#N/A,#N/A,acc@fiestainsurance.com,
,1/31/1900,,,,,,,,,,,,,,,,,,,,,,,,,,,,,,,,,,,,,,,,,,,,,,,,,,,,,,,,,,,,,,,,,,,,,,,#N/A,#N/A,acc@fiestainsurance.com,
,1/31/1900,,,,,,,,,,,,,,,,,,,,,,,,,,,,,,,,,,,,,,,,,,,,,,,,,,,,,,,,,,,,,,,,,,,,,,,#N/A,#N/A,acc@fiestainsurance.com,
,1/31/1900,,,,,,,,,,,,,,,,,,,,,,,,,,,,,,,,,,,,,,,,,,,,,,,,,,,,,,,,,,,,,,,,,,,,,,,#N/A,#N/A,acc@fiestainsurance.com,
,1/31/1900,,,,,,,,,,,,,,,,,,,,,,,,,,,,,,,,,,,,,,,,,,,,,,,,,,,,,,,,,,,,,,,,,,,,,,,#N/A,#N/A,acc@fiestainsurance.com,
,1/31/1900,,,,,,,,,,,,,,,,,,,,,,,,,,,,,,,,,,,,,,,,,,,,,,,,,,,,,,,,,,,,,,,,,,,,,,,#N/A,#N/A,acc@fiestainsurance.com,
,1/31/1900,,,,,,,,,,,,,,,,,,,,,,,,,,,,,,,,,,,,,,,,,,,,,,,,,,,,,,,,,,,,,,,,,,,,,,,#N/A,#N/A,acc@fiestainsurance.com,
,1/31/1900,,,,,,,,,,,,,,,,,,,,,,,,,,,,,,,,,,,,,,,,,,,,,,,,,,,,,,,,,,,,,,,,,,,,,,,#N/A,#N/A,acc@fiestainsurance.com,
,1/31/1900,,,,,,,,,,,,,,,,,,,,,,,,,,,,,,,,,,,,,,,,,,,,,,,,,,,,,,,,,,,,,,,,,,,,,,,#N/A,#N/A,acc@fiestainsurance.com,
,1/31/1900,,,,,,,,,,,,,,,,,,,,,,,,,,,,,,,,,,,,,,,,,,,,,,,,,,,,,,,,,,,,,,,,,,,,,,,#N/A,#N/A,acc@fiestainsurance.com,
,1/31/1900,,,,,,,,,,,,,,,,,,,,,,,,,,,,,,,,,,,,,,,,,,,,,,,,,,,,,,,,,,,,,,,,,,,,,,,#N/A,#N/A,acc@fiestainsurance.com,
,1/31/1900,,,,,,,,,,,,,,,,,,,,,,,,,,,,,,,,,,,,,,,,,,,,,,,,,,,,,,,,,,,,,,,,,,,,,,,#N/A,#N/A,acc@fiestainsurance.com,
,1/31/1900,,,,,,,,,,,,,,,,,,,,,,,,,,,,,,,,,,,,,,,,,,,,,,,,,,,,,,,,,,,,,,,,,,,,,,,#N/A,#N/A,acc@fiestainsurance.com,
,1/31/1900,,,,,,,,,,,,,,,,,,,,,,,,,,,,,,,,,,,,,,,,,,,,,,,,,,,,,,,,,,,,,,,,,,,,,,,#N/A,#N/A,acc@fiestainsurance.com,
,1/31/1900,,,,,,,,,,,,,,,,,,,,,,,,,,,,,,,,,,,,,,,,,,,,,,,,,,,,,,,,,,,,,,,,,,,,,,,#N/A,#N/A,acc@fiestainsurance.com,
,1/31/1900,,,,,,,,,,,,,,,,,,,,,,,,,,,,,,,,,,,,,,,,,,,,,,,,,,,,,,,,,,,,,,,,,,,,,,,#N/A,#N/A,acc@fiestainsurance.com,
,,,,,,,,,,,,,,,,,,,,,,,,,,,,,,,,,,,,,,,,,,,,,,,,,,,,,,,,,,,,,,,,,,,,,,,,,,,
,,,,,,,,,,,,,,,,,,,,,,,,,,,,,,,,,,,,,,,,,,,,,,,,,,,,,,,,,,,,,,,,,,,,,,,,,,,
,,,,,,,,,,,,,,,,,,,,,,,,,,,,,,,,,,,,,,,,,,,,,,,,,,,,,,,,,,,,,,,,,,,,,,,,,,,
,,,,,,,,,,,,,,,,,,,,,,,,,,,,,,,,,,,,,,,,,,,,,,,,,,,,,,,,,,,,,,,,,,,,,,,,,,,
