Store,Date,Gross Commissions,Commissions Percentage Tier 1,Commissions Tier 1,Commissions Percentage Tier 2,Commissions Tier 2,Total Commissions,Tax Preparation Revenue,Number of Tax Returns,Royalty Per Return,Tax Royalties,Net Tax Revenue,Total Revenue,Hourly Wages,Overtime,Bonus & Commissions,Payroll Taxes - ER,Workers Comp Insurance,Payroll Processing Fees,Policy Manager,Licenses and Permits,Rating Software,Motor Vehicle Reports,Loan Due From Franchisee,Minimum Royalty Fee,Servicing Fee,Trade Shows,Trust Acctg - A/R,Telephone,Postage,Television/Radio,Licenses & Permits,Trust Acct Shortage/Overage,Internet,On Hold Recording,Scanning Violation Penalty,Deposit Violation Penalty,Bad Debts,Print,Reimbursed Fees - Other,Gas,D&S Memberships,E&O Insurance,Rent,Supplies,Building/Office,Referral Fees,Small Equip Purchases Under$500,Small FF&E Under$500,Legal Fees,CAM Charges,Cell Phone,Security,Electricity,Accounting Violation Penalty,Advertising,DOI Appointment Fees,Notes,DOI License Fee,Entrepreneur Magazine,Franchise Gator Leads,Franchise Guide Supplies,Franchise Times Magazine,Leads,SEO (Search Engine Optimization),Renewals,Tax Software,Other Transactions,Previous Unpaid Balance,Total Deductions,Balance Due To/(From) Franchise,Email,Email 2,Email 3,Email 4,Email 5,Email 6
CA001,30-Jun-18,"$36,624.06",82.50%,"$17,839.85",77.50%,"$11,625.00","$29,464.85",$185.00,1,$30.00,-$30.00,$155.00,"$29,619.85",,,,,,,$200.00,,,,,,,,$0.12,,,,,,,,$25.00,,,,,,,,,,,,,,,,,,,$30.00,"$1,200.00",,"$500 Fee In ""Other Transactions"" Is For National Conference",,,,,,,,"$2,000.00",,$500.00,,"$3,955.12","$25,664.73",fiestaca001@fiestainsurance.com,fiestaca001@fiestainsurance.com,acc@fiestainsurance.com,fiestaoperations@fiestainsurance.com,adominguez@fiestainsurance.com,
CA002,30-Jun-18,"$24,128.57",85.00%,"$7,759.28",80.00%,"$12,000.00","$19,759.28",$0.00,2,$30.00,-$60.00,-$60.00,"$19,699.28",,,,,,,$200.00,,,$20.97,,,,,$694.05,,,,,,,,$75.00,,,,,,,,,,,,,,,,,,,$170.00,"$1,200.00",,"$500 Fee In ""Other Transactions"" Is For National Conference",,,,,,,,,,$500.00,,"$2,860.02","$16,839.26",fiestaca002@fiestainsurance.com,fiestaca002@fiestainsurance.com,acc@fiestainsurance.com,fiestaoperations@fiestainsurance.com,adominguez@fiestainsurance.com,
CA003,30-Jun-18,"$25,251.07",85.00%,"$8,713.41",80.00%,"$12,000.00","$20,713.41",$0.00,0,$0.00,$0.00,$0.00,"$20,713.41",,,,,,,$200.00,,,$46.60,,,,,$898.41,$424.77,,,,,,,$75.00,,,,,,,,"$3,067.00",,,,,,,$700.00,,,,$100.00,"$1,200.00",,"$500 Fee In ""Other Transactions"" Is For National Conference",,,,,,,,,,$500.00,,"$7,211.78","$13,501.63",fiestaca003@fiestainsurance.com,fiestaca003@fiestainsurance.com,acc@fiestainsurance.com,fiestaoperations@fiestainsurance.com,adominguez@fiestainsurance.com,
CA004,30-Jun-18,"$25,326.00",85.00%,"$8,777.10",80.00%,"$12,000.00","$20,777.10","$2,108.90",5,$30.00,-$150.00,"$1,958.90","$22,736.00",,,,,,,$200.00,,,,"$2,208.30",,,,$142.15,,,,,,,,,,,,$468.00,,,,,,,,,,,,,,,$70.00,"$1,200.00",,"$500 Fee In ""Other Transactions"" Is For National Conference",,,,,,,,,,$500.00,,"$4,788.45","$17,947.55",fiestaca004@fiestainsurance.com,fiestaca004@fiestainsurance.com,acc@fiestainsurance.com,fiestaoperations@fiestainsurance.com,adominguez@fiestainsurance.com,
CA005,30-Jun-18,"$13,952.90",80.00%,"$11,162.32",,,"$11,162.32",$550.00,1,$30.00,-$30.00,$520.00,"$11,682.32",,,,,,,$200.00,,,,,,,,,,,,,,,,$25.00,,,,,,,,"$3,485.98",,,,,,$700.00,,,,,$50.00,"$1,200.00",,,,,,,,,,,,,,"$5,660.98","$6,021.34",fiestaca004@fiestainsurance.com,fiestaca004@fiestainsurance.com,acc@fiestainsurance.com,fiestaoperations@fiestainsurance.com,adominguez@fiestainsurance.com,
CA006,30-Jun-18,"$46,366.28",85.00%,"$26,661.34",80.00%,"$12,000.00","$38,661.34",$0.00,3,$30.00,-$90.00,-$90.00,"$38,571.34",,,,,,,$200.00,,,,,,,,"$1,157.19",,,,,,,,$50.00,,,,,,,,,,,,,,,,,,,$220.00,"$1,200.00",,,,,,,,,,,,,,"$2,827.19","$35,744.15",fiestaca002@fiestainsurance.com,fiestaca002@fiestainsurance.com,acc@fiestainsurance.com,fiestaoperations@fiestainsurance.com,adominguez@fiestainsurance.com,
CA007,30-Jun-18,"$18,601.13",85.00%,"$3,060.96",80.00%,"$12,000.00","$15,060.96",$0.00,0,$0.00,$0.00,$0.00,"$15,060.96",,,,,,,$200.00,,,,,,,,,$394.28,,,,,,,,$50.00,,,,,,,"$3,504.05",,,,,,,,,,$155.73,$40.00,"$1,200.00",,"$500 Fee In ""Other Transactions"" Is For National Conference",,,,,,,,,,$500.00,,"$6,044.06","$9,016.90",fiestaca007@fiestainsurance.com,fiestaca007@fiestainsurance.com,acc@fiestainsurance.com,fiestaoperations@fiestainsurance.com,adominguez@fiestainsurance.com,
CA008,30-Jun-18,"$19,549.21",85.00%,"$3,866.83",80.00%,"$12,000.00","$15,866.83",$0.00,0,$0.00,$0.00,$0.00,"$15,866.83",,,,,,,$200.00,,,,,,,,$151.10,,,,$29.00,$0.24,,,$125.00,$150.00,,,,,,,,,,,,,,,,,,$90.00,"$1,200.00",,,,,,,,,,,,,,"$1,945.34","$13,921.49",fiestaca003@fiestainsurance.com,fiestaca003@fiestainsurance.com,acc@fiestainsurance.com,fiestaoperations@fiestainsurance.com,adominguez@fiestainsurance.com,
CA009,30-Jun-18,"$14,793.45",75.00%,"$11,095.09",,,"$11,095.09",$0.00,9,$30.00,-$270.00,-$270.00,"$10,825.09",,,,,,,$200.00,,$232.75,,,,,,$201.24,$694.39,,,,,,,$325.00,,,,,,,,"$4,034.61",,,,,,,,,,$267.61,$160.00,"$1,200.00",,"$500 Fee In ""Other Transactions"" Is For National Conference",,,,,,,,,,$500.00,,"$7,815.60","$3,009.49",fiestaca009@fiestainsurance.com,fiestaca009@fiestainsurance.com,acc@fiestainsurance.com,fiestaoperations@fiestainsurance.com,adominguez@fiestainsurance.com,
CA010,30-Jun-18,"$6,776.55",80.00%,"$5,421.24",,,"$5,421.24",$0.00,0,$0.00,$0.00,$0.00,"$5,421.24",,,,,,,$200.00,,,,"$1,729.85",,,,,,,,,,,,,$50.00,,,,,,,,,,,,,,,,,,,"$1,220.83",,,,,,,,,,,,,,"$3,200.68","$2,220.56",fiestaca011@fiestainsurance.com,fiestaca011@fiestainsurance.com,acc@fiestainsurance.com,fiestaoperations@fiestainsurance.com,adominguez@fiestainsurance.com,
CA011,30-Jun-18,"$16,880.87",85.00%,"$1,598.74",80.00%,"$12,000.00","$13,598.74",$0.00,1,$30.00,-$30.00,-$30.00,"$13,568.74",,,,,,,$200.00,,,,,,,,,,,,,-$0.05,,,,$50.00,,,,,,,,,,,,,,,,,,,"$1,781.31",,"$500 Fee In ""Other Transactions"" Is For National Conference",,,,,,,,,,$500.00,,"$2,531.26","$11,037.48",fiestaca011@fiestainsurance.com,fiestaca011@fiestainsurance.com,acc@fiestainsurance.com,fiestaoperations@fiestainsurance.com,adominguez@fiestainsurance.com,
CA012,30-Jun-18,"$50,084.20",85.00%,"$29,821.57",80.00%,"$12,000.00","$41,821.57",$170.00,12,$30.00,-$360.00,-$190.00,"$41,631.57",,,,,,,$200.00,,,,,,,,,,,,,,,,,$50.00,,,,,,,,,,,,,,,,,,$50.00,"$1,210.48",,,,,,,,,,,,,,"$1,510.48","$40,121.09",fiestaca011@fiestainsurance.com,fiestaca011@fiestainsurance.com,acc@fiestainsurance.com,fiestaoperations@fiestainsurance.com,adominguez@fiestainsurance.com,
CA013,30-Jun-18,"$12,884.35",75.00%,"$9,663.26",,,"$9,663.26",$0.00,1,$30.00,-$30.00,-$30.00,"$9,633.26",,,,,,,$200.00,,,$20.97,,,,,$386.11,,,,,,,,$100.00,,,,,,,,,,,,,,,,,,,$70.00,"$1,268.75",,"$500 Fee In ""Other Transactions"" Is For National Conference",,,,,,,,"$2,000.00",,$500.00,,"$4,545.83","$5,087.43",fiestaca013@fiestainsurance.com,fiestaca013@fiestainsurance.com,acc@fiestainsurance.com,fiestaoperations@fiestainsurance.com,adominguez@fiestainsurance.com,
CA014,30-Jun-18,"$6,290.65",80.00%,"$5,032.52",,,"$5,032.52",$0.00,6,$30.00,-$180.00,-$180.00,"$4,852.52",,,,,,,$200.00,,,,,,,,,,,,,,,,,,,,,,,,,,,,,,,,,,,,"$1,200.00",,"$500 Fee In ""Other Transactions"" Is For National Conference",,,,,,,,,,$500.00,,"$1,900.00","$2,952.52",fiestaca014@fiestainsurance.com,fiestaca014@fiestainsurance.com,acc@fiestainsurance.com,fiestaoperations@fiestainsurance.com,adominguez@fiestainsurance.com,
CA015,30-Jun-18,"$20,083.42",85.00%,"$4,320.91",80.00%,"$12,000.00","$16,320.91",$0.00,0,$0.00,$0.00,$0.00,"$16,320.91",,,,,,,$200.00,,,,"$1,400.07",,,,$0.67,,,,$87.00,,,,$50.00,,,,,,,,"$4,611.07",,,,,,,$620.00,,,$618.99,$60.00,"$1,200.00",,,,,,,,,,,,,,"$8,847.80","$7,473.11",fiestaca007@fiestainsurance.com,fiestaca007@fiestainsurance.com,acc@fiestainsurance.com,fiestaoperations@fiestainsurance.com,adominguez@fiestainsurance.com,
CA016,30-Jun-18,"$11,010.39",80.00%,"$8,808.31",,,"$8,808.31",$412.00,0,$0.00,$0.00,$412.00,"$9,220.31",,,,,,,$200.00,,,,,,,,,,,,,,,,,$50.00,,,,,,,,,,,,,,,,,,$20.00,"$1,210.48",,,,,,,,,,,,,,"$1,480.48","$7,739.83",fiestaca011@fiestainsurance.com,fiestaca011@fiestainsurance.com,acc@fiestainsurance.com,fiestaoperations@fiestainsurance.com,adominguez@fiestainsurance.com,
CA019,30-Jun-18,"$6,042.31",80.00%,"$4,833.85",,,"$4,833.85",$314.49,1,$30.00,-$30.00,$284.49,"$5,118.34",,,,,,,$200.00,,,,,,,,$209.00,,,,,,,,$75.00,,,,,,,,,,,,,,,,,,,$40.00,"$1,200.00",,,,,,,,,,,,,,"$1,724.00","$3,394.34",fiestaca004@fiestainsurance.com,fiestaca004@fiestainsurance.com,acc@fiestainsurance.com,fiestaoperations@fiestainsurance.com,adominguez@fiestainsurance.com,
CA020,30-Jun-18,"$13,266.91",80.00%,"$10,613.53",,,"$10,613.53",$55.00,1,$30.00,-$30.00,$25.00,"$10,638.53",,,,,,,$200.00,,,,,,,,$9.00,,,,,-$4.14,,,$50.00,$50.00,,,,,,,,,,,,,,,,,,$20.00,"$1,200.00",,,,,,,,,,,,,,"$1,524.86","$9,113.67",fiestaca004@fiestainsurance.com,fiestaca004@fiestainsurance.com,acc@fiestainsurance.com,fiestaoperations@fiestainsurance.com,adominguez@fiestainsurance.com,
CA022,30-Jun-18,"$13,748.35",80.00%,"$10,998.68",,,"$10,998.68",$0.00,1,$30.00,-$30.00,-$30.00,"$10,968.68",,,,,,,$200.00,,,,,,,,,,,,,,,,,,,,,,,,,,,,,,,,,,,$20.00,"$1,781.31",,,,,,,,,,,,,,"$2,001.31","$8,967.37",fiestaca011@fiestainsurance.com,fiestaca011@fiestainsurance.com,acc@fiestainsurance.com,fiestaoperations@fiestainsurance.com,adominguez@fiestainsurance.com,
CA023,30-Jun-18,"$26,194.61",85.00%,"$9,515.42",80.00%,"$12,000.00","$21,515.42",$734.00,7,$30.00,-$210.00,$524.00,"$22,039.42",,,,,,,$200.00,,,$11.65,,,,,$158.08,,,,,,,,,,,,,,,,,,,,,,$700.00,,,,,$70.00,"$1,231.32",,"$500 Fee In ""Other Transactions"" Is For National Conference",,,,,,,,,,$500.00,,"$2,871.05","$19,168.37",fiestaca023@fiestainsurance.com,fiestaca023@fiestainsurance.com,acc@fiestainsurance.com,fiestaoperations@fiestainsurance.com,adominguez@fiestainsurance.com,
CA024,30-Jun-18,"$17,361.15",85.00%,"$2,006.98",80.00%,"$12,000.00","$14,006.98",$200.00,6,$30.00,-$180.00,$20.00,"$14,026.98",,,,,,,$200.00,,,,,,,,$0.20,,,,$29.00,$200.00,,,$100.00,$50.00,,,,,,,,,,,,,,,,,,$80.00,"$1,231.31",,,,,,,,,,,,,,"$1,890.51","$12,136.47",fiestaca023@fiestainsurance.com,fiestaca023@fiestainsurance.com,acc@fiestainsurance.com,fiestaoperations@fiestainsurance.com,adominguez@fiestainsurance.com,
CA025,30-Jun-18,"$8,185.25",77.50%,"$6,343.57",,,"$6,343.57",$0.00,0,$0.00,$0.00,$0.00,"$6,343.57",,,,,,,$200.00,,,,,,,,$69.64,,,,,$9.85,,,,$100.00,,,,,,,,,,,,,,,,,,$40.00,"$1,481.82",,,,,,,,,,,,,,"$1,901.31","$4,442.26",fiestaca030@fiestainsurance.com,fiestaca030@fiestainsurance.com,acc@fiestainsurance.com,fiestaoperations@fiestainsurance.com,adominguez@fiestainsurance.com,
CA026,30-Jun-18,"$45,822.48",85.00%,"$26,199.11",80.00%,"$12,000.00","$38,199.11",$150.00,3,$30.00,-$90.00,$60.00,"$38,259.11",,,,,,,$200.00,,,$44.27,,,,,$183.09,,,,,,,,$25.00,,,,,,,,,,,,,,,,,,,$100.00,"$1,231.30",,,,,,,,,,,,,,"$1,783.66","$36,475.45",fiestaca023@fiestainsurance.com,fiestaca023@fiestainsurance.com,acc@fiestainsurance.com,fiestaoperations@fiestainsurance.com,adominguez@fiestainsurance.com,
CA027,30-Jun-18,"$18,889.94",80.00%,"$3,111.95",75.00%,"$11,250.00","$14,361.95",$0.00,6,$30.00,-$180.00,-$180.00,"$14,181.95",,,,,,,$200.00,,,,,,,,,,,,,,,,$25.00,,,,,,,,,,,,,,,,,,,$20.00,"$1,200.00",,"$500 Fee In ""Other Transactions"" Is For National Conference",,,,,,,,,,$500.00,,"$1,945.00","$12,236.95",fiestaca027@fiestainsurance.com,fiestaca027@fiestainsurance.com,acc@fiestainsurance.com,fiestaoperations@fiestainsurance.com,adominguez@fiestainsurance.com,
CA028,30-Jun-18,"$11,124.12",80.00%,"$8,899.30",,,"$8,899.30",$0.00,2,$30.00,-$60.00,-$60.00,"$8,839.30",,,,,,,$200.00,,,,,,,,,,,,,-$270.45,,,$25.00,,,,,,,,,,,,,,,,,,,,"$1,200.00",,,,,,,,,,,,,,"$1,154.55","$7,684.75",fiestaca014@fiestainsurance.com,fiestaca014@fiestainsurance.com,acc@fiestainsurance.com,fiestaoperations@fiestainsurance.com,adominguez@fiestainsurance.com,
CA030,30-Jun-18,"$49,274.36",85.00%,"$29,133.21",80.00%,"$12,000.00","$41,133.21",$359.00,8,$30.00,-$240.00,$119.00,"$41,252.21",,,,,,,$200.00,,,$37.28,,,,,$668.93,,,,,,,,$75.00,,,,,,,,,,,,,,$700.00,,,,,$210.00,"$1,510.74",,"$500 Fee In ""Other Transactions"" Is For National Conference",,,,,,,,,,$500.00,,"$3,901.95","$37,350.26",fiestaca030@fiestainsurance.com,fiestaca030@fiestainsurance.com,acc@fiestainsurance.com,fiestaoperations@fiestainsurance.com,adominguez@fiestainsurance.com,
CA031,30-Jun-18,"$23,315.08",82.50%,"$6,859.94",77.50%,"$11,625.00","$18,484.94",$0.00,0,$0.00,$0.00,$0.00,"$18,484.94",,,,,,,$200.00,,,,,,,,$0.26,,,,,,,,$400.00,,,,,,,,,,,,,,,,,,,$70.00,"$1,200.00",,"$500 Fee In ""Other Transactions"" Is For National Conference",,,,,,,,,,$500.00,,"$2,370.26","$16,114.68",fiestaca031@fiestainsurance.com,fiestaca031@fiestainsurance.com,acc@fiestainsurance.com,fiestaoperations@fiestainsurance.com,adominguez@fiestainsurance.com,
CA032,30-Jun-18,"$27,852.94",85.00%,"$10,925.00",80.00%,"$12,000.00","$22,925.00",$617.00,1,$30.00,-$30.00,$587.00,"$23,512.00",,,,,,,$200.00,,,,,,,,$93.50,,,,,$0.72,,,,$50.00,,,,,,,,,,,,,,,,,,$60.00,"$1,231.31",,,,,,,,,,,,,,"$1,635.53","$21,876.47",fiestaca023@fiestainsurance.com,fiestaca023@fiestainsurance.com,acc@fiestainsurance.com,fiestaoperations@fiestainsurance.com,adominguez@fiestainsurance.com,
CA033,30-Jun-18,"$42,501.65",85.00%,"$23,376.40",80.00%,"$12,000.00","$35,376.40",$160.00,2,$30.00,-$60.00,$100.00,"$35,476.40",,,,,,,$200.00,,,,,,,,$257.13,,,,$29.00,$163.69,,,$25.00,$50.00,,,,,,,,,,,,,,,,,,$200.00,"$1,354.40",,,,,,,,,,,,,,"$2,279.22","$33,197.18",fiestaca023@fiestainsurance.com,fiestaca023@fiestainsurance.com,acc@fiestainsurance.com,fiestaoperations@fiestainsurance.com,adominguez@fiestainsurance.com,
CA034,30-Jun-18,"$14,519.78",75.00%,"$10,889.84",,,"$10,889.84",$538.95,4,$30.00,-$120.00,$418.95,"$11,308.79",,,,,,,$200.00,,,,,,,,$160.20,,,,,,,,$25.00,$100.00,,,,,,,,,,,,,,,,,$367.18,$90.00,"$1,200.00",,"$500 Fee In ""Other Transactions"" Is For National Conference",,,,,,,,,,$500.00,,"$2,642.38","$8,666.41",fiestaca034@fiestainsurance.com,fiestaca034@fiestainsurance.com,acc@fiestainsurance.com,fiestaoperations@fiestainsurance.com,adominguez@fiestainsurance.com,
CA035,30-Jun-18,"$15,232.57",80.00%,$186.06,75.00%,"$11,250.00","$11,436.06",$805.95,1,$30.00,-$30.00,$775.95,"$12,212.01",,,,,,,$200.00,,,,,,,,$628.26,,,,,,,,$50.00,,,,,,,,,,,,,,,,,,,$110.00,"$1,200.00",,"$500 Fee In ""Other Transactions"" Is For National Conference",,,,,,,,,,$500.00,,"$2,688.26","$9,523.75",fiestaca035@fiestainsurance.com,fiestaca035@fiestainsurance.com,acc@fiestainsurance.com,fiestaoperations@fiestainsurance.com,adominguez@fiestainsurance.com,
CA036,30-Jun-18,"$18,512.32",85.00%,"$2,985.47",80.00%,"$12,000.00","$14,985.47",$0.00,2,$30.00,-$60.00,-$60.00,"$14,925.47",,,,,,,$200.00,,,$51.26,,,,,$70.67,,,,,,,,$50.00,,,,,,,,,,,,,,,,,,,$100.00,"$1,231.30",,,,,,,,,,,,,,"$1,703.23","$13,222.24",fiestaca023@fiestainsurance.com,fiestaca023@fiestainsurance.com,acc@fiestainsurance.com,fiestaoperations@fiestainsurance.com,adominguez@fiestainsurance.com,
CA037,30-Jun-18,"$21,676.44",85.00%,"$5,674.97",80.00%,"$12,000.00","$17,674.97",$449.00,0,$0.00,$0.00,$449.00,"$18,123.97",,,,,,,$200.00,,,$16.31,,,,,$565.02,,,,,$200.00,,,$25.00,,,,,,,,,,,,,,,,,,,$110.00,"$1,281.31",,"$500 Fee In ""Other Transactions"" Is For National Conference",,,,,,,,,,$500.00,,"$2,897.64","$15,226.33",fiestaca023@fiestainsurance.com,fiestaca023@fiestainsurance.com,acc@fiestainsurance.com,fiestaoperations@fiestainsurance.com,adominguez@fiestainsurance.com,
CA038,30-Jun-18,"$30,738.89",85.00%,"$13,378.06",80.00%,"$12,000.00","$25,378.06",$207.00,1,$30.00,-$30.00,$177.00,"$25,555.06",,,,,,,$200.00,,,,,,,,$173.06,,,,,-$50.01,,,,$150.00,,,,,,,,,,,,,,,,,,$170.00,"$1,429.81",,,,,,,,,,,,,,"$2,072.86","$23,482.20",fiestaca023@fiestainsurance.com,fiestaca023@fiestainsurance.com,acc@fiestainsurance.com,fiestaoperations@fiestainsurance.com,adominguez@fiestainsurance.com,
CA039,30-Jun-18,"$20,667.08",85.00%,"$4,817.02",80.00%,"$12,000.00","$16,817.02",$200.00,2,$30.00,-$60.00,$140.00,"$16,957.02",,,,,,,$200.00,,,,,,,,$606.22,,,,,,,,,,,,,,,,,,,,,,,,,,,$60.00,"$1,200.00",,,,,,,,,,,,,,"$2,066.22","$14,890.80",fiestaca002@fiestainsurance.com,fiestaca002@fiestainsurance.com,acc@fiestainsurance.com,fiestaoperations@fiestainsurance.com,adominguez@fiestainsurance.com,
CA040,30-Jun-18,"$6,815.78",80.00%,"$5,452.62",,,"$5,452.62",$0.00,1,$30.00,-$30.00,-$30.00,"$5,422.62",,,,,,,$200.00,,,$23.30,,,,,"$1,321.52",,,,,,,,,,,,,,,,,,,,,,,,,,,$20.00,"$1,200.00",,,,,,,,,,,,,,"$2,764.82","$2,657.80",fiestaca082@fiestainsurance.com,fiestaca082@fiestainsurance.com,acc@fiestainsurance.com,fiestaoperations@fiestainsurance.com,adominguez@fiestainsurance.com,
CA041,30-Jun-18,"$16,514.92",80.00%,"$1,211.94",75.00%,"$11,250.00","$12,461.94",$0.00,0,$0.00,$0.00,$0.00,"$12,461.94",,,,,,,$200.00,,,,,,,,$344.30,,,,,,,,,,,,,,,,,,,,,,,,,,$86.05,$120.00,"$1,200.00",,"$500 Fee In ""Other Transactions"" Is For National Conference",,,,,,,,,,$500.00,,"$2,450.35","$10,011.59",fiestaca041@fiestainsurance.com,fiestaca041@fiestainsurance.com,acc@fiestainsurance.com,fiestaoperations@fiestainsurance.com,adominguez@fiestainsurance.com,
CA042,30-Jun-18,"$15,459.82",85.00%,$390.85,80.00%,"$12,000.00","$12,390.85",$747.00,18,$30.00,-$540.00,$207.00,"$12,597.85",,,,,,,$200.00,,,,$786.30,,,,$661.94,,,,,-$0.58,,,$25.00,$100.00,,,,,,,,,,,,,,,,,,$100.00,"$1,200.00",,,,,,,,,,,,,,"$3,072.66","$9,525.19",fiestaca099@fiestainsurance.com,fiestaca099@fiestainsurance.com,acc@fiestainsurance.com,fiestaoperations@fiestainsurance.com,adominguez@fiestainsurance.com,
CA043,30-Jun-18,"$19,972.91",82.50%,"$4,102.65",77.50%,"$11,625.00","$15,727.65",$0.00,0,$0.00,$0.00,$0.00,"$15,727.65",,,,,,,$200.00,,,,,,,,$103.00,,,,,,,,,$50.00,,,,,,,,,,,,,,,,,,$50.00,"$1,200.00",,$500 Fee is For National Conference,,,,,,,,,,$500.00,,"$2,103.00","$13,624.65",fiestaca042@fiestainsurance.com,fiestaca042@fiestainsurance.com,acc@fiestainsurance.com,fiestaoperations@fiestainsurance.com,adominguez@fiestainsurance.com,
CA044,30-Jun-18,"$12,530.83",77.50%,"$9,711.39",,,"$9,711.39",$0.00,1,$30.00,-$30.00,-$30.00,"$9,681.39",,,,,,,$200.00,,,,,,,,$347.40,,,,,,,,,,,,,,,,,,,,,,,,,,,$80.00,"$1,200.00",,,,,,,,,,,,,,"$1,827.40","$7,853.99",fiestaca042@fiestainsurance.com,fiestaca042@fiestainsurance.com,acc@fiestainsurance.com,fiestaoperations@fiestainsurance.com,adominguez@fiestainsurance.com,
CA045,30-Jun-18,"$16,540.94",85.00%,"$1,309.80",80.00%,"$12,000.00","$13,309.80",$531.00,2,$30.00,-$60.00,$471.00,"$13,780.80",,,,,,,$200.00,,,,,,,,$576.20,,,,,,,,,,,,,,,,,,,,,,,,,,,$80.00,"$1,510.74",,,,,,,,,,,,,,"$2,366.94","$11,413.86",fiestaca030@fiestainsurance.com,fiestaca030@fiestainsurance.com,acc@fiestainsurance.com,fiestaoperations@fiestainsurance.com,adominguez@fiestainsurance.com,
CA046,30-Jun-18,"$3,838.54",80.00%,"$3,070.83",,,"$3,070.83",$100.00,0,$0.00,$0.00,$100.00,"$3,170.83",,,,,,,$200.00,,,,,,,,$129.30,,,,,,,,,,,,,,,,,,,,,,,,,,,$20.00,"$1,357.68",,,,,,,,,,,,,,"$1,706.98","$1,463.85",fiestaca030@fiestainsurance.com,fiestaca030@fiestainsurance.com,acc@fiestainsurance.com,fiestaoperations@fiestainsurance.com,adominguez@fiestainsurance.com,
CA047,30-Jun-18,"$6,327.48",80.00%,"$5,061.98",,,"$5,061.98",$0.00,2,$30.00,-$60.00,-$60.00,"$5,001.98",,,,,,,$200.00,,,,,,,,,,,,,,,,,,,,,,,,,,,,,,,,,,,$20.00,"$1,210.47",,,,,,,,,,,,,,"$1,430.47","$3,571.51",fiestaca011@fiestainsurance.com,fiestaca011@fiestainsurance.com,acc@fiestainsurance.com,fiestaoperations@fiestainsurance.com,adominguez@fiestainsurance.com,
CA048,30-Jun-18,"$1,499.10",80.00%,"$1,199.28",,,"$1,199.28",$185.00,0,$0.00,$0.00,$185.00,"$1,384.28",,,,,,,$200.00,,,,,,,,,,,,,,,,,,,,,,,,,,,,,,,,,,,$10.00,"$1,200.00",,,,,,,,,,,,,,"$1,410.00",-$25.72,fiestaca011@fiestainsurance.com,fiestaca011@fiestainsurance.com,acc@fiestainsurance.com,fiestaoperations@fiestainsurance.com,adominguez@fiestainsurance.com,
CA049,30-Jun-18,-$149.52,80.00%,-$119.61,,,-$119.61,$0.00,0,$0.00,$0.00,$0.00,-$119.61,,,,,,,$200.00,,,,,,,,,,,,,,,,,,,,,,,,,,,,,,,,,,,$10.00,,,,,,,,,,,,,,,$210.00,-$329.61,fiestaca011@fiestainsurance.com,fiestaca011@fiestainsurance.com,acc@fiestainsurance.com,fiestaoperations@fiestainsurance.com,adominguez@fiestainsurance.com,
CA050,30-Jun-18,"$26,610.14",85.00%,"$9,868.62",80.00%,"$12,000.00","$21,868.62",$991.66,4,$30.00,-$120.00,$871.66,"$22,740.28",,,,,,,$200.00,,,$65.24,,,,,$68.33,,,,,,,,,,,,,,,,,,,,,,,,,,,$120.00,"$1,482.03",,"$500 Fee In ""Other Transactions"" Is For National Conference",,,,,,,,,,$500.00,,"$2,435.60","$20,304.68",fiestaca050@fiestainsurance.com,fiestaca050@fiestainsurance.com,acc@fiestainsurance.com,fiestaoperations@fiestainsurance.com,adominguez@fiestainsurance.com,
CA054,30-Jun-18,"$13,704.28",80.00%,"$10,963.42",,,"$10,963.42",$0.00,7,$30.00,-$210.00,-$210.00,"$10,753.42",,,,,,,$200.00,,,$13.98,,,,,$279.68,,,,,-$15.00,,,,,,,,,,,,,,,,,,,,,,$100.00,"$1,200.00",,,,,,,,,,"$2,000.00",,,,"$3,778.66","$6,974.76",fiestaca014@fiestainsurance.com,fiestaca014@fiestainsurance.com,acc@fiestainsurance.com,fiestaoperations@fiestainsurance.com,adominguez@fiestainsurance.com,
CA056,30-Jun-18,"$28,811.39",85.00%,"$11,739.68",80.00%,"$12,000.00","$23,739.68",$372.00,6,$30.00,-$180.00,$192.00,"$23,931.68",,,,,,,$200.00,,,,,,,,$676.04,,,,,,,,$50.00,$100.00,,,,,,,,,,,,,,,,,,$120.00,"$1,200.00",,,,,,,,,,,,,,"$2,346.04","$21,585.64",fiestaca002@fiestainsurance.com,fiestaca002@fiestainsurance.com,acc@fiestainsurance.com,fiestaoperations@fiestainsurance.com,adominguez@fiestainsurance.com,
CA057,30-Jun-18,"$12,749.27",80.00%,"$10,199.42",,,"$10,199.42",$250.00,1,$30.00,-$30.00,$220.00,"$10,419.42",,,,,,,$200.00,,,$25.63,,,,,$74.80,,,,,-$5.00,,,$25.00,$50.00,,,,,,,,,,,,,,,,,,$90.00,"$1,210.47",,,,,,,,,,,,,,"$1,670.90","$8,748.52",fiestaca023@fiestainsurance.com,fiestaca023@fiestainsurance.com,acc@fiestainsurance.com,fiestaoperations@fiestainsurance.com,adominguez@fiestainsurance.com,
CA058,30-Jun-18,"$8,122.75",80.00%,"$6,498.20",,,"$6,498.20",$0.00,0,$0.00,$0.00,$0.00,"$6,498.20",,,,,,,$200.00,,,,,,,,,,,,,-$535.74,,,$25.00,,,,,,,,,,,,,,,,,,,$10.00,"$1,210.47",,,,,,,,,,,,,,$909.73,"$5,588.47",fiestaca023@fiestainsurance.com,fiestaca023@fiestainsurance.com,acc@fiestainsurance.com,fiestaoperations@fiestainsurance.com,adominguez@fiestainsurance.com,
CA059,30-Jun-18,"$22,788.94",85.00%,"$6,620.60",80.00%,"$12,000.00","$18,620.60",$200.00,1,$30.00,-$30.00,$170.00,"$18,790.60",,,,,,,$200.00,,,,,,,,$199.45,,,,,-$654.00,,,,$150.00,,,,,,,,,,,,,,,,,,$50.00,"$1,210.47",,,,,,,,,,,,,,"$1,155.92","$17,634.68",fiestaca023@fiestainsurance.com,fiestaca023@fiestainsurance.com,acc@fiestainsurance.com,fiestaoperations@fiestainsurance.com,adominguez@fiestainsurance.com,
CA060,30-Jun-18,"$16,053.77",85.00%,$895.70,80.00%,"$12,000.00","$12,895.70",$0.00,4,$30.00,-$120.00,-$120.00,"$12,775.70",,,,,,,$200.00,,,,,,,,,,,,,-$4.00,,,,,,,,,,,,,,,,,,,,,,$10.00,"$1,253.57",,,,,,,,,,,,,,"$1,459.57","$11,316.13",fiestaca014@fiestainsurance.com,fiestaca014@fiestainsurance.com,acc@fiestainsurance.com,fiestaoperations@fiestainsurance.com,adominguez@fiestainsurance.com,
CA061,30-Jun-18,"$7,697.36",80.00%,"$6,157.89",,,"$6,157.89",$0.00,0,$0.00,$0.00,$0.00,"$6,157.89",,,,,,,$200.00,,,,,,,,,,,,,,,,,,,,,,,,,,,,,,,,,,,$10.00,"$1,253.57",,,,,,,,,,,,,,"$1,463.57","$4,694.32",fiestaca014@fiestainsurance.com,fiestaca014@fiestainsurance.com,acc@fiestainsurance.com,fiestaoperations@fiestainsurance.com,adominguez@fiestainsurance.com,
CA062,30-Jun-18,"$5,077.77",80.00%,"$4,062.22",,,"$4,062.22",$0.00,0,$0.00,$0.00,$0.00,"$4,062.22",,,,,,,$200.00,,,,,,,,,,,,,-$476.31,,,,$50.00,,,,,,,,,,,,,,,,,,$10.00,"$1,200.00",,,,,,,,,,,,,,$983.69,"$3,078.53",fiestaca014@fiestainsurance.com,fiestaca014@fiestainsurance.com,acc@fiestainsurance.com,fiestaoperations@fiestainsurance.com,adominguez@fiestainsurance.com,
CA065,30-Jun-18,"$15,592.97",80.00%,$474.38,75.00%,"$11,250.00","$11,724.38",$680.00,1,$30.00,-$30.00,$650.00,"$12,374.38",,,,,,,$200.00,,,,,,,,$390.11,,,,,,,,$25.00,,,,,,,,,,,,,,,,,,,$50.00,"$1,481.81",,,,,,,,,,,,,,"$2,146.92","$10,227.46",fiestaca065@fiestainsurance.com,fiestaca025@fiestainsurance.com,acc@fiestainsurance.com,fiestaoperations@fiestainsurance.com,adominguez@fiestainsurance.com,
CA066,30-Jun-18,"$9,240.87",80.00%,"$7,392.70",,,"$7,392.70",$207.00,0,$0.00,$0.00,$207.00,"$7,599.70",,,,,,,$200.00,,,,,,,,$0.09,,,,,,,,,,,,,,,,,,,,,,,,,,,$30.00,"$1,428.25",,,,,,,,,,,,,,"$1,658.34","$5,941.36",fiestaca050@fiestainsurance.com,fiestaca050@fiestainsurance.com,acc@fiestainsurance.com,fiestaoperations@fiestainsurance.com,adominguez@fiestainsurance.com,
CA067,30-Jun-18,"$5,114.57",80.00%,"$4,091.66",,,"$4,091.66",$0.00,0,$0.00,$0.00,$0.00,"$4,091.66",,,,,,,$200.00,,,,,,,,$0.27,,,,,,,,,$50.00,,,,,,,,,,,,,,,,,,$20.00,"$1,357.68",,,,,,,,,,,,,,"$1,627.95","$2,463.71",fiestaca050@fiestainsurance.com,fiestaca050@fiestainsurance.com,acc@fiestainsurance.com,fiestaoperations@fiestainsurance.com,adominguez@fiestainsurance.com,
CA068,30-Jun-18,"$8,034.86",80.00%,"$6,427.89",,,"$6,427.89",$65.15,0,$0.00,$0.00,$65.15,"$6,493.04",,,,,,,$200.00,,,,,,,,,,,,,,,,,,,,,,,,,,,,,,,,,,,$20.00,"$1,288.17",,,,,,,,,,,,,,"$1,508.17","$4,984.87",fiestaca050@fiestainsurance.com,fiestaca050@fiestainsurance.com,acc@fiestainsurance.com,fiestaoperations@fiestainsurance.com,adominguez@fiestainsurance.com,
CA069,30-Jun-18,"$6,131.57",77.50%,"$4,751.97",,,"$4,751.97",$0.00,0,$0.00,$0.00,$0.00,"$4,751.97",,,,,,,$200.00,,,,,,,,$0.60,,,,,,,,$25.00,,,,,,,,,,,,,,,,,,,$40.00,"$1,200.00",,,,,,,,,,,,,,"$1,465.60","$3,286.37",fiestaca031@fiestainsurance.com,fiestaca031@fiestainsurance.com,acc@fiestainsurance.com,fiestaoperations@fiestainsurance.com,adominguez@fiestainsurance.com,
CA070,30-Jun-18,"$1,615.04",80.00%,"$1,292.03",,,"$1,292.03",$0.00,0,$0.00,$0.00,$0.00,"$1,292.03",,,,,,,$200.00,,,,"$1,415.33",,,,,,,,,-$231.87,,,,$50.00,,,,,,,,,,,,,,,,,,$10.00,$653.58,,,,,,,,,,,,,,"$2,097.04",-$805.01,fiestaca014@fiestainsurance.com,fiestaca014@fiestainsurance.com,acc@fiestainsurance.com,fiestaoperations@fiestainsurance.com,adominguez@fiestainsurance.com,
CA071,30-Jun-18,"$1,505.34",75.00%,"$1,129.01",,,"$1,129.01",$0.00,0,$0.00,$0.00,$0.00,"$1,129.01",,,,,,,$200.00,,,,,,,,,,,,,-$586.83,,,,,,,,,,,,,,,,,,,,,,,,,,,,,,,,,,,,,-$386.83,"$1,515.84",fiestaca014@fiestainsurance.com,fiestaca014@fiestainsurance.com,acc@fiestainsurance.com,fiestaoperations@fiestainsurance.com,adominguez@fiestainsurance.com,
CA072,30-Jun-18,"$10,764.00",75.00%,"$8,073.00",,,"$8,073.00",$0.00,0,$0.00,$0.00,$0.00,"$8,073.00",,,,,,,$200.00,,,,,,,,,,,,,,,,,,,,,,,,,,,,,,,,,,,,"$1,200.00",,"$500 Fee In ""Other Transactions"" Is For National Conference",,,,,,,,,,$500.00,,"$1,900.00","$6,173.00",fiestaca072@fiestainsurance.com,fiestaca072@fiestainsurance.com,acc@fiestainsurance.com,fiestaoperations@fiestainsurance.com,adominguez@fiestainsurance.com,
CA074,30-Jun-18,"$16,155.38",85.00%,$982.07,80.00%,"$12,000.00","$12,982.07",$0.00,1,$30.00,-$30.00,-$30.00,"$12,952.07",,,,,,,$200.00,,,$16.31,,,,,$311.98,,,,,,,,$25.00,,,,,,,,,,,,,,$700.00,,,,,$100.00,"$1,481.81",,,,,,,,,,,,,,"$2,835.10","$10,116.97",fiestaca030@fiestainsurance.com,fiestaca030@fiestainsurance.com,acc@fiestainsurance.com,fiestaoperations@fiestainsurance.com,adominguez@fiestainsurance.com,
CA075,30-Jun-18,"$4,112.25",80.00%,"$3,289.80",,,"$3,289.80",$100.00,0,$0.00,$0.00,$100.00,"$3,389.80",,,,,,,$200.00,,,,,,,,$6.55,,,,,-$19.76,,,$25.00,$50.00,,,,,,,,,,,,,,,,,,$20.00,"$1,411.25",,,,,,,,,,,,,,"$1,693.04","$1,696.76",fiestaca030@fiestainsurance.com,fiestaca030@fiestainsurance.com,acc@fiestainsurance.com,fiestaoperations@fiestainsurance.com,adominguez@fiestainsurance.com,
CA076,30-Jun-18,"$14,032.80",80.00%,"$11,226.24",,,"$11,226.24",$0.00,0,$0.00,$0.00,$0.00,"$11,226.24",,,,,,,$200.00,,,,,,,,$736.81,,,,,,,,$25.00,$100.00,,,,,,,,,,,,,,,,,,$170.00,"$1,200.00",,,,,,,,,,,,,,"$2,431.81","$8,794.43",fiestaca030@fiestainsurance.com,fiestaca030@fiestainsurance.com,acc@fiestainsurance.com,fiestaoperations@fiestainsurance.com,adominguez@fiestainsurance.com,
CA078,30-Jun-18,"$5,084.57",75.00%,"$3,813.43",,,"$3,813.43",$0.00,-7,$30.00,$210.00,$210.00,"$4,023.43",,,,,,,$200.00,,,$9.32,,,,,$149.32,,,,,,,,$75.00,,,,,,,,,,,,,,,,,,,$70.00,"$1,200.00",,"$500 Fee In ""Other Transactions"" Is For National Conference",,,,,,,,,,$500.00,,"$2,203.64","$1,819.79",fiestaca078@fiestainsurance.com,fiestaca078@fiestainsurance.com,acc@fiestainsurance.com,fiestaoperations@fiestainsurance.com,adominguez@fiestainsurance.com,
CA079,30-Jun-18,"$8,594.74",80.00%,"$6,875.79",,,"$6,875.79",$120.00,0,$0.00,$0.00,$120.00,"$6,995.79",,,,,,,$200.00,,,,,,,,,,,,,-$8.11,,,$125.00,$150.00,,,,,,,,,,,,,,,,,,$170.00,"$1,200.00",,,,,,,,,,,,,,"$1,836.89","$5,158.90",fiestaca082@fiestainsurance.com,fiestaca082@fiestainsurance.com,acc@fiestainsurance.com,fiestaoperations@fiestainsurance.com,adominguez@fiestainsurance.com,
CA080,30-Jun-18,"$4,997.70",80.00%,"$3,998.16",,,"$3,998.16",$0.00,1,$30.00,-$30.00,-$30.00,"$3,968.16",,,,,,,$200.00,,,,,,,,$505.03,,,,,$0.06,,,,$100.00,,,,,,,,,,,,,,,,,,$130.00,"$1,200.00",,,,,,,,,,"$2,000.00",,,,"$4,135.09",-$166.93,fiestaca002@fiestainsurance.com,fiestaca002@fiestainsurance.com,acc@fiestainsurance.com,fiestaoperations@fiestainsurance.com,adominguez@fiestainsurance.com,
CA082,30-Jun-18,"$11,555.19",80.00%,"$9,244.15",,,"$9,244.15",$0.00,0,$0.00,$0.00,$0.00,"$9,244.15",,,,,,,$200.00,,,,,,,,$380.98,,,,,,,,$25.00,,,,,,,,,,,,,,,,,,,$60.00,"$1,200.00",,"$500 Fee In ""Other Transactions"" Is For National Conference",,,,,,,,,,$500.00,,"$2,365.98","$6,878.17",fiestaca082@fiestainsurance.com,fiestaca082@fiestainsurance.com,acc@fiestainsurance.com,fiestaoperations@fiestainsurance.com,adominguez@fiestainsurance.com,
CA083,30-Jun-18,"$18,888.26",82.50%,"$3,207.81",77.50%,"$11,625.00","$14,832.81",$192.00,4,$30.00,-$120.00,$72.00,"$14,904.81",,,,,,,$200.00,,,,,,,,$723.76,,,,,,,,$100.00,,,,,,,,,,,,,,,,,,,$200.00,"$1,200.00",,"$500 Fee In ""Other Transactions"" Is For National Conference",,,,,,,,"$2,000.00",,$500.00,,"$4,923.76","$9,981.05",fiestaca083@fiestainsurance.com,fiestaca083@fiestainsurance.com,acc@fiestainsurance.com,fiestaoperations@fiestainsurance.com,adominguez@fiestainsurance.com,
CA085,30-Jun-18,"$6,608.47",80.00%,"$5,286.78",,,"$5,286.78",$200.00,5,$30.00,-$150.00,$50.00,"$5,336.78",,,,,,,$200.00,,,$79.22,,,,,$109.92,,,,$29.00,,,,,,,,,,,,,,,,,,,,,,,$150.00,"$1,200.00",,,,,,,,,,"$2,000.00",,,,"$3,768.14","$1,568.64",fiestaca023@fiestainsurance.com,fiestaca023@fiestainsurance.com,acc@fiestainsurance.com,fiestaoperations@fiestainsurance.com,adominguez@fiestainsurance.com,
CA088,30-Jun-18,"$9,609.78",77.50%,"$7,447.58",,,"$7,447.58",$340.00,1,$30.00,-$30.00,$310.00,"$7,757.58",,,,,,,$200.00,,,,,,,,$24.21,,,,,$1.99,,,,$100.00,,,,,,,,,,,,,,,,,,$50.00,"$1,200.00",,,,,,,,,,"$2,000.00",,,,"$3,576.20","$4,181.38",fiestaca001@fiestainsurance.com,fiestaca001@fiestainsurance.com,acc@fiestainsurance.com,fiestaoperations@fiestainsurance.com,adominguez@fiestainsurance.com,
CA089,30-Jun-18,"$19,334.39",85.00%,"$3,684.23",80.00%,"$12,000.00","$15,684.23",$130.05,0,$0.00,$0.00,$130.05,"$15,814.28",,,,,,,$200.00,,,$46.60,,,,,"$1,676.84",,,,,$0.07,,,,$50.00,,,,,,,,,,,,,,,,,,$170.00,"$1,760.47",,,,,,,,,,"$2,000.00",,,,"$5,903.98","$9,910.30",fiestaca023@fiestainsurance.com,fiestaca023@fiestainsurance.com,acc@fiestainsurance.com,fiestaoperations@fiestainsurance.com,adominguez@fiestainsurance.com,
CA090,30-Jun-18,"$22,168.37",85.00%,"$6,093.11",80.00%,"$12,000.00","$18,093.11",$250.00,3,$30.00,-$90.00,$160.00,"$18,253.11",,,,,,,$200.00,,,,,,,,$678.88,,,,,$0.08,,,$25.00,$100.00,,,,,,,,,,,,,,,,,,$190.00,"$1,210.47",,,,,,,,,,"$2,000.00",,,,"$4,404.43","$13,848.68",fiestaca023@fiestainsurance.com,fiestaca023@fiestainsurance.com,acc@fiestainsurance.com,fiestaoperations@fiestainsurance.com,adominguez@fiestainsurance.com,
CA091,30-Jun-18,"$16,142.66",85.00%,$971.26,80.00%,"$12,000.00","$12,971.26",$0.00,0,$0.00,$0.00,$0.00,"$12,971.26",,,,,,,$200.00,,,,,,,,$0.41,,,,,-$387.59,,,,,,,,,,,,,,,,,,,,,,$70.00,"$1,210.47",,,,,,,,,,"$2,000.00",,,,"$3,093.29","$9,877.97",fiestaca023@fiestainsurance.com,fiestaca023@fiestainsurance.com,acc@fiestainsurance.com,fiestaoperations@fiestainsurance.com,adominguez@fiestainsurance.com,
CA093,30-Jun-18,"$7,987.26",80.00%,"$6,389.81",,,"$6,389.81",$0.00,0,$0.00,$0.00,$0.00,"$6,389.81",,,,,,,$200.00,,,,,,,,$115.00,,,,,,,,,,,,,,,,,,,,,,,,,,,$20.00,"$1,200.00",,,,,,,,,,,,,,"$1,535.00","$4,854.81",fiestaca004@fiestainsurance.com,fiestaca004@fiestainsurance.com,acc@fiestainsurance.com,fiestaoperations@fiestainsurance.com,adominguez@fiestainsurance.com,
CA095,30-Jun-18,"$8,823.39",75.00%,"$6,617.54",,,"$6,617.54",$0.00,0,$0.00,$0.00,$0.00,"$6,617.54",,,,,,,$200.00,,,,,,,,"$1,646.83",,,,,-$205.64,,,,,,,,,,,,,,,,,,,,,,$90.00,"$1,357.68",,"$500 Fee In ""Other Transactions"" Is For National Conference",,,,,,,,,,$500.00,"$1,028.31","$3,588.87","$2,000.36",fiestaca095@fiestainsurance.com,fiestaca095@fiestainsurance.com,acc@fiestainsurance.com,fiestaoperations@fiestainsurance.com,adominguez@fiestainsurance.com,
CA096,30-Jun-18,"$7,939.29",75.00%,"$5,954.47",,,"$5,954.47",$0.00,0,$0.00,$0.00,$0.00,"$5,954.47",,,,,,,$200.00,,,,,,,,$711.33,,,,,,,,$25.00,,,,,,,,,,,,,,,,,,,$80.00,"$1,200.00",,,,,,,,,,,,,,"$2,216.33","$3,738.14",fiestaca098@fiestainsurance.com,fiestaca098@fiestainsurance.com,acc@fiestainsurance.com,fiestaoperations@fiestainsurance.com,adominguez@fiestainsurance.com,
CA098,30-Jun-18,"$11,161.99",75.00%,"$8,371.49",,,"$8,371.49",$0.00,0,$0.00,$0.00,$0.00,"$8,371.49",,,,,,,$200.00,,,,,,,,$91.43,,,,,-$0.10,,,,$50.00,,,,,,,,,,,,,,,,,,$80.00,"$1,200.00",,"$500 Fee In ""Other Transactions"" Is For National Conference",,,,,,,,,,$500.00,,"$2,121.33","$6,250.16",fiestaca098@fiestainsurance.com,fiestaca098@fiestainsurance.com,acc@fiestainsurance.com,fiestaoperations@fiestainsurance.com,adominguez@fiestainsurance.com,
CA099,30-Jun-18,"$18,593.16",85.00%,"$3,054.19",80.00%,"$12,000.00","$15,054.19",$0.00,0,$0.00,$0.00,$0.00,"$15,054.19",,,,,,,$200.00,,,,,,,,$732.18,,,,,-$52.15,,,,,,,,,,,,,,,,,,,,,,$290.00,"$1,200.00",,"$500 Fee In ""Other Transactions"" Is For National Conference",,,,,,,,,,$500.00,,"$2,870.03","$12,184.16",fiestaca099@fiestainsurance.com,fiestaca099@fiestainsurance.com,acc@fiestainsurance.com,fiestaoperations@fiestainsurance.com,adominguez@fiestainsurance.com,
CA102,30-Jun-18,"$8,230.59",80.00%,"$6,584.47",,,"$6,584.47",$0.00,2,$30.00,-$60.00,-$60.00,"$6,524.47",,,,,,,$200.00,,,,,,,,,,,,,,,,,,,,,,,,,,,,,,,,,,,,"$1,200.00",,,,,,,,,,,,,,"$1,400.00","$5,124.47",fiestaca004@fiestainsurance.com,fiestaca004@fiestainsurance.com,acc@fiestainsurance.com,fiestaoperations@fiestainsurance.com,adominguez@fiestainsurance.com,
CA103,30-Jun-18,"$7,427.58",80.00%,"$5,942.06",,,"$5,942.06",$127.00,0,$0.00,$0.00,$127.00,"$6,069.06",,,,,,,$200.00,,,,,,,,$1.00,,,,,$169.47,,,,$50.00,,,,,,,,,,,,,,,,,,$100.00,"$1,200.00",,,,,,,,,,,,,,"$1,720.47","$4,348.59",fiestaca030@fiestainsurance.com,fiestaca030@fiestainsurance.com,acc@fiestainsurance.com,fiestaoperations@fiestainsurance.com,adominguez@fiestainsurance.com,
CA104,30-Jun-18,"$24,333.09",85.00%,"$7,933.13",80.00%,"$12,000.00","$19,933.13",$0.00,2,$30.00,-$60.00,-$60.00,"$19,873.13",,,,,,,$200.00,,,$37.28,,,,,$72.19,,,,,,,,$75.00,,,,,,,,,,,,,,,,,,,$90.00,"$1,200.00",,,,,,,,,,,,,,"$1,674.47","$18,198.66",fiestaca030@fiestainsurance.com,fiestaca030@fiestainsurance.com,acc@fiestainsurance.com,fiestaoperations@fiestainsurance.com,adominguez@fiestainsurance.com,
CA106,30-Jun-18,"$10,028.32",80.00%,"$8,022.66",,,"$8,022.66",$0.00,0,$0.00,$0.00,$0.00,"$8,022.66",,,,,,,$200.00,,,$32.62,"$1,572.59",,,,$411.02,,,,,,,,,$50.00,,,,,,,,,,,,,,,,,,$30.00,"$1,268.75",,"$500 Fee In ""Other Transactions"" Is For National Conference",,,,,,,,,,$500.00,,"$4,064.98","$3,957.68",fiestaca023@fiestainsurance.com,fiestaca023@fiestainsurance.com,acc@fiestainsurance.com,fiestaoperations@fiestainsurance.com,adominguez@fiestainsurance.com,
CA107,30-Jun-18,"$4,217.63",80.00%,"$3,374.10",,,"$3,374.10",$150.00,0,$0.00,$0.00,$150.00,"$3,524.10",,,,,,,$200.00,,,$46.60,,,,,$360.98,,,,,-$155.82,,,,,,,,,,,,,,,,,,,,,,$70.00,"$1,200.00",,,,,,,,,,,,,,"$1,721.76","$1,802.34",fiestaca023@fiestainsurance.com,fiestaca023@fiestainsurance.com,acc@fiestainsurance.com,fiestaoperations@fiestainsurance.com,adominguez@fiestainsurance.com,
CA110,30-Jun-18,"$2,783.40",77.50%,"$2,157.14",,,"$2,157.14",$173.00,4,$30.00,-$120.00,$53.00,"$2,210.14",,,,,,,$200.00,,,,,,,,$330.00,,,,,-$17.58,,,,$100.00,,,,,,,,,,,,,,,,,,$30.00,"$1,200.00",,,,,,,,,,,,,,"$1,842.42",$367.72,fiestaca014@fiestainsurance.com,fiestaca083@fiestainsurance.com,acc@fiestainsurance.com,fiestaoperations@fiestainsurance.com,adominguez@fiestainsurance.com,
CA113,30-Jun-18,"$9,448.53",80.00%,"$7,558.82",,,"$7,558.82",$200.00,0,$0.00,$0.00,$200.00,"$7,758.82",,,,,,,$200.00,,,$90.87,,,,,$320.16,,,,,,,,,,,,,,,,,,,,,,,,,,,$110.00,"$1,268.75",,,,,,,,,,,,,,"$1,989.78","$5,769.04",fiestaca023@fiestainsurance.com,tlagunas@fiestainsurance.com,acc@fiestainsurance.com,fiestaoperations@fiestainsurance.com,adominguez@fiestainsurance.com,
CA114,30-Jun-18,"$5,429.94",80.00%,"$4,343.95",,,"$4,343.95",$197.00,2,$30.00,-$60.00,$137.00,"$4,480.95",,,,,,,$200.00,,,,,,,,$286.93,,,,,-$384.13,,,,$200.00,,,,,,,,,,,,,,,,,,$30.00,"$1,200.00",,,,,,,,,,,,,,"$1,532.80","$2,948.15",fiestaca030@fiestainsurance.com,fiestaca030@fiestainsurance.com,acc@fiestainsurance.com,fiestaoperations@fiestainsurance.com,adominguez@fiestainsurance.com,
CA115,30-Jun-18,"$10,524.21",80.00%,"$8,419.37",,,"$8,419.37",$150.00,1,$30.00,-$30.00,$120.00,"$8,539.37",,,,,,,$200.00,,,$25.63,,,,,$121.32,,,,,,,,,,,,,,,,,,,,,,,,,,,$70.00,"$1,200.00",,,,,,,,,,,,,,"$1,616.95","$6,922.42",fiestaca023@fiestainsurance.com,fiestaca023@fiestainsurance.com,acc@fiestainsurance.com,fiestaoperations@fiestainsurance.com,adominguez@fiestainsurance.com,
CA117,30-Jun-18,"$2,493.93",80.00%,"$1,995.14",,,"$1,995.14",$0.00,0,$0.00,$0.00,$0.00,"$1,995.14",,,,,,,$200.00,,,,,,,,$219.47,,,,,$128.79,,,$75.00,$150.00,,,,,,,,,,,,,,,,,,$80.00,"$1,200.00",,,,,,,,,,,,,,"$2,053.26",-$58.12,fiestaca030@fiestainsurance.com,fiestaca030@fiestainsurance.com,acc@fiestainsurance.com,fiestaoperations@fiestainsurance.com,adominguez@fiestainsurance.com,
CA118,30-Jun-18,"$12,690.37",80.00%,"$10,152.30",,,"$10,152.30",$0.00,3,$30.00,-$90.00,-$90.00,"$10,062.30",,,,,,,$200.00,,,,,,,,$388.18,,,,,,,,,,,,,,,,,,,,,,,,,,,$20.00,"$1,200.00",,,,,,,,,,,,,,"$1,808.18","$8,254.12",fiestaca030@fiestainsurance.com,fiestaca030@fiestainsurance.com,acc@fiestainsurance.com,fiestaoperations@fiestainsurance.com,adominguez@fiestainsurance.com,
CA119,30-Jun-18,"$2,341.87",80.00%,"$1,873.50",,,"$1,873.50",$0.00,1,$30.00,-$30.00,-$30.00,"$1,843.50",,,,,,,$200.00,,,,,,,,$40.12,,,,,,,,,,,,,,,,,,,,,,,,,,,$50.00,"$1,200.00",,,,,,,,,,,,,,"$1,490.12",$353.38,fiestaca030@fiestainsurance.com,fiestaca030@fiestainsurance.com,acc@fiestainsurance.com,fiestaoperations@fiestainsurance.com,adominguez@fiestainsurance.com,
CA120,30-Jun-18,"$5,942.96",80.00%,"$4,754.37",,,"$4,754.37",$0.00,0,$0.00,$0.00,$0.00,"$4,754.37",,,,,,,$200.00,,,,,,,,$517.65,,,,,-$109.10,,,,,,,,,,,,,,,,,,,,,,$80.00,"$1,200.00",,,,,,,,,,,,,,"$1,888.55","$2,865.82",fiestaca099@fiestainsurance.com,fiestaca099@fiestainsurance.com,acc@fiestainsurance.com,fiestaoperations@fiestainsurance.com,adominguez@fiestainsurance.com,
CA122,30-Jun-18,"$4,048.36",80.00%,"$3,238.69",,,"$3,238.69",$0.00,0,$0.00,$0.00,$0.00,"$3,238.69",,,,,,,$200.00,,,,$619.88,,,,$115.55,,,,,,,,,,,,,,,,,,,,,,,,,,,$50.00,"$1,200.00",,,,,,,,,,,,,,"$2,185.43","$1,053.26",fiestaca099@fiestainsurance.com,fiestaca099@fiestainsurance.com,acc@fiestainsurance.com,fiestaoperations@fiestainsurance.com,adominguez@fiestainsurance.com,
CA124,30-Jun-18,"$4,294.34",80.00%,"$3,435.47",,,"$3,435.47",$0.00,0,$0.00,$0.00,$0.00,"$3,435.47",,,,,,,$200.00,,,,,,,,,,,,,$63.97,,,,$100.00,,,,,,,,,,,,,,,,,,,"$1,200.00",,,,,,,,,,,,,,"$1,563.97","$1,871.50",fiestaca014@fiestainsurance.com,fiestaca014@fiestainsurance.com,acc@fiestainsurance.com,fiestaoperations@fiestainsurance.com,adominguez@fiestainsurance.com,
CA126,30-Jun-18,"$5,774.79",75.00%,"$4,331.09",,,"$4,331.09",$0.00,0,$0.00,$0.00,$0.00,"$4,331.09",,,,,,,$200.00,,,,,,,,,,,,,-$0.40,,,,$50.00,,,,,,,,,,,,,,,,,,$10.00,"$1,200.00",,"$500 Fee In ""Other Transactions"" Is For National Conference",,,,,,,,,,$500.00,,"$1,959.60","$2,371.49",fiestaca126@fiestainsurance.com,fiestaca126@fiestainsurance.com,acc@fiestainsurance.com,fiestaoperations@fiestainsurance.com,adominguez@fiestainsurance.com,
CA127,30-Jun-18,"$15,403.54",85.00%,$343.01,80.00%,"$12,000.00","$12,343.01",$0.00,0,$0.00,$0.00,$0.00,"$12,343.01",,,,,,,$200.00,,,,,,,,$411.67,,,,,-$0.50,,,,$100.00,,,,,,,,,,,,,,,,,,$40.00,"$1,200.00",,,,,,,,,,,,,,"$1,951.17","$10,391.84",fiestaca023@fiestainsurance.com,fiestaca023@fiestainsurance.com,acc@fiestainsurance.com,fiestaoperations@fiestainsurance.com,adominguez@fiestainsurance.com,
CA128,30-Jun-18,"$7,870.35",80.00%,"$6,296.28",,,"$6,296.28",$0.00,0,$0.00,$0.00,$0.00,"$6,296.28",,,,,,,$200.00,,,,,,,,$472.27,,,,,-$230.63,,,,$50.00,,,,,,,,,,,,,,,,,,$10.00,"$1,200.00",,,,,,,,,,,,,,"$1,701.64","$4,594.64",fiestaca023@fiestainsurance.com,fiestaca023@fiestainsurance.com,acc@fiestainsurance.com,fiestaoperations@fiestainsurance.com,adominguez@fiestainsurance.com,
CA129,30-Jun-18,"$5,032.53",80.00%,"$4,026.02",,,"$4,026.02",$0.00,1,$30.00,-$30.00,-$30.00,"$3,996.02",,,,,,,$200.00,,,,,,,,,,,,,,,,,,,,,,,,,,,,,,,,,,,$70.00,"$1,200.00",,,,,,,,,,,,,,"$1,470.00","$2,526.02",fiestaca023@fiestainsurance.com,fiestaca023@fiestainsurance.com,acc@fiestainsurance.com,fiestaoperations@fiestainsurance.com,adominguez@fiestainsurance.com,
CA130,30-Jun-18,"$15,005.37",85.00%,$4.56,80.00%,"$12,000.00","$12,004.56",$0.00,0,$0.00,$0.00,$0.00,"$12,004.56",,,,,,,$200.00,,,,,,,,$10.44,,,,,,,,$25.00,,,,,,,,,,,,,,,,,,,$60.00,"$1,200.00",,,,,,,,,,,,,,"$1,495.44","$10,509.12",fiestaca002@fiestainsurance.com,fiestaca002@fiestainsurance.com,acc@fiestainsurance.com,fiestaoperations@fiestainsurance.com,adominguez@fiestainsurance.com,
CA131,30-Jun-18,"$28,242.08",85.00%,"$11,255.77",80.00%,"$12,000.00","$23,255.77",$470.10,1,$30.00,-$30.00,$440.10,"$23,695.87",,,,,,,$200.00,,,$25.63,,,,,$610.27,,,,,-$728.87,,,$75.00,$50.00,,,,,,,,,,,,,,,,,,$150.00,"$1,200.00",,"$500 Fee In ""Other Transactions"" Is For National Conference",,,,,,,,,,$500.00,,"$2,082.03","$21,613.84",fiestaca131@fiestainsurance.com,fiestaca023@fiestainsurance.com,acc@fiestainsurance.com,fiestaoperations@fiestainsurance.com,adominguez@fiestainsurance.com,
CA132,30-Jun-18,"$7,732.48",80.00%,"$6,185.98",,,"$6,185.98",$0.00,0,$0.00,$0.00,$0.00,"$6,185.98",,,,,,,$200.00,,,,,,,,$108.45,,,,$29.00,-$51.97,,,$25.00,,,,,,,,,,,,,,,,,,,$100.00,"$1,200.00",,,,,,,,,,,,,,"$1,610.48","$4,575.50",fiestaca131@fiestainsurance.com,fiestaca023@fiestainsurance.com,acc@fiestainsurance.com,fiestaoperations@fiestainsurance.com,adominguez@fiestainsurance.com,
CA133,30-Jun-18,"$10,574.96",80.00%,"$8,459.97",,,"$8,459.97",$0.00,2,$30.00,-$60.00,-$60.00,"$8,399.97",,,,,,,$200.00,,,,,,,,$317.23,,,,,-$394.59,,,,,,,,,,,,,,,,,,,,,,$30.00,"$1,200.00",,,,,,,,,,,,,,"$1,352.64","$7,047.33",fiestaca131@fiestainsurance.com,fiestaca023@fiestainsurance.com,acc@fiestainsurance.com,fiestaoperations@fiestainsurance.com,adominguez@fiestainsurance.com,
CA136,30-Jun-18,"$3,775.91",80.00%,"$3,020.73",,,"$3,020.73",$0.00,0,$0.00,$0.00,$0.00,"$3,020.73",,,,,,,$200.00,,,,"$1,258.07",,,,$1.00,,,,$29.00,-$337.33,,,,,,,,,,,,,,,,,"$1,646.33",,,,,$20.00,"$1,200.00",,,,,,,,,,,,,,"$4,017.07",-$996.34,fiestaca023@fiestainsurance.com,fiestaca023@fiestainsurance.com,acc@fiestainsurance.com,fiestaoperations@fiestainsurance.com,adominguez@fiestainsurance.com,
CA137,30-Jun-18,"$7,334.15",80.00%,"$5,867.32",,,"$5,867.32",$0.00,5,$30.00,-$150.00,-$150.00,"$5,717.32",,,,,,,$200.00,,,,,,,,,,,,,,,,,,,,,,,,,,,,,,,,,,,$20.00,"$1,253.58",,,,,,,,,,,,,,"$1,473.58","$4,243.74",fiestaca014@fiestainsurance.com,fiestaca014@fiestainsurance.com,acc@fiestainsurance.com,fiestaoperations@fiestainsurance.com,adominguez@fiestainsurance.com,
CA140,30-Jun-18,"$9,807.97",80.00%,"$7,846.38",,,"$7,846.38",$0.00,1,$30.00,-$30.00,-$30.00,"$7,816.38",,,,,,,$200.00,,,,,,,,$286.92,,,,,-$50.00,,,$25.00,$50.00,,,,,,,,,,,,,,,,,,$100.00,"$1,268.75",,,,,,,,,,,,,,"$1,880.67","$5,935.71",fiestaca023@fiestainsurance.com,tlagunas@fiestainsurance.com,acc@fiestainsurance.com,fiestaoperations@fiestainsurance.com,adominguez@fiestainsurance.com,
CA141,30-Jun-18,"$5,352.43",80.00%,"$4,281.94",,,"$4,281.94",$170.00,0,$0.00,$0.00,$170.00,"$4,451.94",,,,,,,$200.00,,,$44.27,"$1,269.26",,,,$0.50,,,,,,,,,,,,,,,,,,,,,,,,,,,$20.00,"$1,200.00",,,,,,,,,,,,,,"$2,734.03","$1,717.91",fiestaca023@fiestainsurance.com,tlagunas@fiestainsurance.com,acc@fiestainsurance.com,fiestaoperations@fiestainsurance.com,adominguez@fiestainsurance.com,
CA142,30-Jun-18,"$2,009.38",80.00%,"$1,607.50",,,"$1,607.50",$0.00,0,$0.00,$0.00,$0.00,"$1,607.50",,,,,,,$200.00,,,,"$1,258.07",,,,$256.84,,,,,-$319.57,,,,,,,,,,,,,,,,,,,,,,$10.00,"$1,200.00",,,,,,,,,,,,,,"$2,605.34",-$997.84,fiestaca023@fiestainsurance.com,fiestaca023@fiestainsurance.com,acc@fiestainsurance.com,fiestaoperations@fiestainsurance.com,adominguez@fiestainsurance.com,
CA145,30-Jun-18,"$34,411.35",85.00%,"$16,499.65",80.00%,"$12,000.00","$28,499.65",$242.00,5,$30.00,-$150.00,$92.00,"$28,591.65",,,,,,,$200.00,,,,,,,,$107.34,,,,,,,,,,,,,,,,,,,,,,,,,,,$40.00,"$1,200.00",,,,,,,,,,,,,,"$1,547.34","$27,044.31",fiestaca023@fiestainsurance.com,fiestaca023@fiestainsurance.com,acc@fiestainsurance.com,fiestaoperations@fiestainsurance.com,adominguez@fiestainsurance.com,
CA146,30-Jun-18,"$18,224.31",85.00%,"$2,740.66",80.00%,"$12,000.00","$14,740.66",$0.00,0,$0.00,$0.00,$0.00,"$14,740.66",,,,,,,$200.00,,,$104.85,,,,,$401.00,,,,,,,,,$50.00,,,,,,,,,,,,,,,,,,$90.00,"$1,200.00",,,,,,,,,,,,,,"$2,045.85","$12,694.81",fiestaca023@fiestainsurance.com,fiestaca023@fiestainsurance.com,acc@fiestainsurance.com,fiestaoperations@fiestainsurance.com,adominguez@fiestainsurance.com,
CA147,30-Jun-18,"$2,995.46",80.00%,"$2,396.37",,,"$2,396.37",$0.00,0,$0.00,$0.00,$0.00,"$2,396.37",,,,,,,$200.00,,,,"$1,200.90",,,,$449.69,,,,$29.00,,,,,,,,,,,,,,,,,,,,,,,$60.00,"$1,200.00",,,,,,,,,,,,,,"$3,139.59",-$743.22,fiestaca023@fiestainsurance.com,fiestaca023@fiestainsurance.com,acc@fiestainsurance.com,fiestaoperations@fiestainsurance.com,adominguez@fiestainsurance.com,
CA148,30-Jun-18,"$5,095.47",80.00%,"$4,076.38",,,"$4,076.38",$340.15,0,$0.00,$0.00,$340.15,"$4,416.53",,,,,,,$200.00,,,,"$1,258.07",,,,$32.39,,,,,-$198.84,,,,,,,,,,,,,,,,,,,,,,$40.00,$600.00,,,,,,,,,,,,,,"$1,931.62","$2,484.91",fiestaca023@fiestainsurance.com,fiestaca023@fiestainsurance.com,acc@fiestainsurance.com,fiestaoperations@fiestainsurance.com,adominguez@fiestainsurance.com,
CA150,30-Jun-18,$981.00,80.00%,$784.80,,,$784.80,$185.00,3,$30.00,-$90.00,$95.00,$879.80,,,,,,,$200.00,,,,,,,,$526.46,,,,,-$180.57,,,$25.00,$150.00,,,,,,,,,,,,,,,,,,$60.00,$600.00,,,,,,,,,,,,,,"$1,380.89",-$501.09,fiestaca030@fiestainsurance.com,fiestaca030@fiestainsurance.com,acc@fiestainsurance.com,fiestaoperations@fiestainsurance.com,adominguez@fiestainsurance.com,
CA152,30-Jun-18,"$1,844.20",80.00%,"$1,475.36",,,"$1,475.36",$0.00,0,$0.00,$0.00,$0.00,"$1,475.36",,,,,,,$200.00,,,,$991.82,,,,$0.92,,,,,,,,,,,,,,,,,,,,,,,,,,,$10.00,"$1,200.00",,,,,,,,,,,,,,"$2,402.74",-$927.38,fiestaca050@fiestainsurance.com,fiestaca050@fiestainsurance.com,acc@fiestainsurance.com,fiestaoperations@fiestainsurance.com,adominguez@fiestainsurance.com,
CA153,30-Jun-18,"$3,717.71",80.00%,"$2,974.17",,,"$2,974.17",$0.00,0,$0.00,$0.00,$0.00,"$2,974.17",,,,,,,$200.00,,,,,,,,$5.00,,,,,,,,$75.00,$100.00,,,,,,,,,,,,,,,,,,,"$1,200.00",,,,,,,,,,,,,,"$1,580.00","$1,394.17",fiestaca082@fiestainsurance.com,fiestaca082@fiestainsurance.com,acc@fiestainsurance.com,fiestaoperations@fiestainsurance.com,adominguez@fiestainsurance.com,
CA154,30-Jun-18,"$12,128.55",77.50%,"$9,399.63",,,"$9,399.63",$150.00,5,$30.00,-$150.00,$0.00,"$9,399.63",,,,,,,$200.00,,,,$990.47,,,,,,,,,,,,$25.00,$50.00,,,,,,,,,,,,,,,,,,$10.00,"$1,253.57",,"$500 Fee In ""Other Transactions"" Is For National Conference",,,,,,,,,,$500.00,,"$3,029.04","$6,370.59",fiestaca154@fiestainsurance.com,fiestaca154@fiestainsurance.com,acc@fiestainsurance.com,fiestaoperations@fiestainsurance.com,adominguez@fiestainsurance.com,
CA155,30-Jun-18,"$4,802.21",80.00%,"$3,841.77",,,"$3,841.77",$0.00,0,$0.00,$0.00,$0.00,"$3,841.77",,,,,,,$200.00,,,,,,,,$0.89,,,,,-$4.49,,,,,,,,,,,,,,,,,,,,,,$30.00,"$1,200.00",,,,,,,,,,,,,,"$1,426.40","$2,415.37",fiestaca003@fiestainsurance.com,fiestaca003@fiestainsurance.com,acc@fiestainsurance.com,fiestaoperations@fiestainsurance.com,adominguez@fiestainsurance.com,
CA157,30-Jun-18,"$1,148.16",80.00%,$918.53,,,$918.53,$709.00,1,$30.00,-$30.00,$679.00,"$1,597.53",,,,,,,$200.00,,,,,,,,$0.03,,,,,,,,,,,,,,,,,,,,,,,,,,,,$653.57,,,,,,,,,,,,,,$853.60,$743.93,fiestaca050@fiestainsurance.com,fiestaca050@fiestainsurance.com,acc@fiestainsurance.com,fiestaoperations@fiestainsurance.com,adominguez@fiestainsurance.com,
CA158,30-Jun-18,$201.19,80.00%,$160.95,,,$160.95,$0.00,0,$0.00,$0.00,$0.00,$160.95,,,,,,,$200.00,,,,,,,,$0.01,,,,,,,,,,,,,,,,,,,,,,,,,,,$10.00,$53.57,,,,,,,,,,,,,,$263.58,-$102.63,fiestaca050@fiestainsurance.com,fiestaca050@fiestainsurance.com,acc@fiestainsurance.com,fiestaoperations@fiestainsurance.com,adominguez@fiestainsurance.com,
CA159,30-Jun-18,"$2,757.30",80.00%,"$2,205.84",,,"$2,205.84",$0.00,0,$0.00,$0.00,$0.00,"$2,205.84",,,,,,,$200.00,,,,$473.51,,,,,,,,,,,,$25.00,,,,,,,,,,,,,,,,,,,,"$1,200.00",,,,,,,,,,,,,,"$1,898.51",$307.33,fiestaca007@fiestainsurance.com,fiestaca007@fiestainsurance.com,acc@fiestainsurance.com,fiestaoperations@fiestainsurance.com,adominguez@fiestainsurance.com,fiestaca007@fiestainsurance.com
CA160,30-Jun-18,"$11,331.44",80.00%,"$9,065.15",,,"$9,065.15",$0.00,0,$0.00,$0.00,$0.00,"$9,065.15",,,,,,,$200.00,,,,,,,,$175.02,,,,,$0.02,,,$25.00,$50.00,,,,,,,,,,,,,,,,,,$50.00,"$1,200.00",,,,,,,,,,,,,,"$1,700.04","$7,365.11",fiestaca002@fiestainsurance.com,fiestaca002@fiestainsurance.com,acc@fiestainsurance.com,fiestaoperations@fiestainsurance.com,adominguez@fiestainsurance.com,fiestaca002@fiestainsurance.com
CA161,30-Jun-18,"$6,469.50",80.00%,"$5,175.60",,,"$5,175.60",$352.00,1,$30.00,-$30.00,$322.00,"$5,497.60",,,,,,,$200.00,,,,,,,,$58.10,,,,,,,,,,,,,,,,,,,,,,,,,,,$20.00,"$1,200.00",,,,,,,,,,,,,,"$1,478.10","$4,019.50",fiestaca004@fiestainsurance.com,fiestaca004@fiestainsurance.com,acc@fiestainsurance.com,fiestaoperations@fiestainsurance.com,adominguez@fiestainsurance.com,fiestaca004@fiestainsurance.com
CA162,30-Jun-18,"$4,039.36",80.00%,"$3,231.49",,,"$3,231.49",$0.00,0,$0.00,$0.00,$0.00,"$3,231.49",,,,,,,$200.00,,,,,,,,$3.00,,,,,,,,$50.00,,,,,,,,,,,,,,,,,,,$20.00,$600.00,,,,,,,,,,,,,,$873.00,"$2,358.49",fiestaca082@fiestainsurance.com,fiestaca082@fiestainsurance.com,acc@fiestainsurance.com,fiestaoperations@fiestainsurance.com,adominguez@fiestainsurance.com,fiestaca082@fiestainsurance.com
CA164,30-Jun-18,"$3,851.46",75.00%,"$2,888.60",,,"$2,888.60",$0.00,0,$0.00,$0.00,$0.00,"$2,888.60",,,,,,,$200.00,,,,,,,,$330.94,,,,,,,,,,,,,,,,,,,,,,,,,,,$30.00,"$1,200.00",,"$500 Fee In ""Other Transactions"" Is For National Conference",,,,,,,,,,$500.00,,"$2,260.94",$627.66,fiestaca164@fiestainsurance.com,fiestaca164@fiestainsurance.com,acc@fiestainsurance.com,fiestaoperations@fiestainsurance.com,adominguez@fiestainsurance.com,fiestaca164@fiestainsurance.com
CA166,30-Jun-18,"$3,688.65",80.00%,"$2,950.92",,,"$2,950.92",$0.00,2,$30.00,-$60.00,-$60.00,"$2,890.92",,,,,,,$200.00,,,,"$1,237.10",,,,$795.81,,,,,-$678.33,,,,,,,,,,,,,,,,,,,,,,$50.00,$600.00,,,,,,,,,,,,,,"$2,204.58",$686.34,fiestaca023@fiestainsurance.com,fiestaca023@fiestainsurance.com,acc@fiestainsurance.com,fiestaoperations@fiestainsurance.com,adominguez@fiestainsurance.com,fiestaca023@fiestainsurance.com
CA167,30-Jun-18,$367.35,80.00%,$293.88,,,$293.88,$0.00,0,$0.00,$0.00,$0.00,$293.88,,,,,,,$200.00,,,,,,,,$57.68,,,,,-$672.20,,,,,,,,,,,,,,,,,,,,,,$30.00,,,,,,,,,,,,,,,-$384.52,$678.40,fiestaca023@fiestainsurance.com,fiestaca023@fiestainsurance.com,acc@fiestainsurance.com,fiestaoperations@fiestainsurance.com,adominguez@fiestainsurance.com,fiestaca023@fiestainsurance.com
CA168,30-Jun-18,"$1,216.74",80.00%,$973.39,,,$973.39,$0.00,0,$0.00,$0.00,$0.00,$973.39,,,,,,,$200.00,,,$34.95,,,,,,,,,,-$390.38,,,,,,,,,,,,,,,,,,,,,,,,,,,,,,,,,,,,,-$155.43,"$1,128.82",fiestaca023@fiestainsurance.com,fiestaca023@fiestainsurance.com,acc@fiestainsurance.com,fiestaoperations@fiestainsurance.com,adominguez@fiestainsurance.com,fiestaca023@fiestainsurance.com
CA169,30-Jun-18,"$1,328.63",77.50%,"$1,029.69",,,"$1,029.69",$0.00,0,$0.00,$0.00,$0.00,"$1,029.69",,,,,,,$200.00,,,,,,,,$373.45,,,,,-$139.20,,,$25.00,$50.00,,,,,,,,,,,,,,,,,,$90.00,$600.00,,"$500 Fee In ""Other Transactions"" Is For National Conference",,,,,,,,,,$500.00,,"$1,699.25",-$669.56,fiestaca030@fiestainsurance.com,fiestaca030@fiestainsurance.com,acc@fiestainsurance.com,fiestaoperations@fiestainsurance.com,adominguez@fiestainsurance.com,fiestaca030@fiestainsurance.com
CA171,30-Jun-18,$679.68,75.00%,$509.76,,,$509.76,$135.00,1,$30.00,-$30.00,$105.00,$614.76,,,,,,,$200.00,,,,,,,,,,,,,-$140.14,,,$25.00,$100.00,,,,,,,,,,,,,,,,,,$10.00,$600.00,,"$500 Fee In ""Other Transactions"" Is For National Conference",,,,,,,,,,$500.00,,"$1,294.86",-$680.10,fiestaca171@fiestainsurance.com,fiestaca171@fiestainsurance.com,acc@fiestainsurance.com,fiestaoperations@fiestainsurance.com,adominguez@fiestainsurance.com,fiestaca171@fiestainsurance.com
CA172,30-Jun-18,"$2,442.10",80.00%,"$1,953.68",,,"$1,953.68",$0.00,1,$30.00,-$30.00,-$30.00,"$1,923.68",,,,,,,$200.00,,,,"$1,050.12",,,,,,,,,-$15.53,,,,,,,,,,,,,,,,,,,,,,,,,"$500 Fee In ""Other Transactions"" Is For National Conference",,,,,,,,,,$600.00,,"$1,834.59",$89.09,fiestaca011@fiestainsurance.com,fiestaca011@fiestainsurance.com,acc@fiestainsurance.com,fiestaoperations@fiestainsurance.com,adominguez@fiestainsurance.com,fiestaca011@fiestainsurance.com
CA177,30-Jun-18,$859.18,75.00%,$644.38,,,$644.38,$0.00,0,$0.00,$0.00,$0.00,$644.38,,,,,,,$200.00,,,,,,,,,,,,,,,,,,,,,,,,,,,,,,,,,,,,,,"$500 Fee In ""Other Transactions"" Is For National Conference",,,,,,,,,,$500.00,,$700.00,-$55.62,fiestaca177@fiestainsurance.com,fiestaca177@fiestainsurance.com,acc@fiestainsurance.com,fiestaoperations@fiestainsurance.com,adominguez@fiestainsurance.com,fiestaca177@fiestainsurance.com
CA178,30-Jun-18,"$2,273.01",75.00%,"$1,704.76",,,"$1,704.76",$457.00,2,$30.00,-$60.00,$397.00,"$2,101.76",,,,,,,$200.00,,,,,,,,,,,,,,,,$25.00,,,,,,,,,,,,,,,,,,,,,,"$500 Fee In ""Other Transactions"" Is For National Conference",,,,,,,,,,$500.00,,$725.00,"$1,376.76",fiestaca178@fiestainsurance.com,fiestaca178@fiestainsurance.com,acc@fiestainsurance.com,fiestaoperations@fiestainsurance.com,adominguez@fiestainsurance.com,fiestaca178@fiestainsurance.com
CA180,30-Jun-18,"$2,950.04",75.00%,"$2,212.53",,,"$2,212.53",$0.00,0,$0.00,$0.00,$0.00,"$2,212.53",,,,,,,$200.00,,,$11.65,,,,,$0.03,,,,,,,,$50.00,$50.00,,,,,,,,,,,,,,,,,,$30.00,,,"$500 Fee In ""Other Transactions"" Is For National Conference",,,,,,,,,,$500.00,,$841.68,"$1,370.85",fiestaca180@fiestainsurance.com,fiestaca180@fiestainsurance.com,acc@fiestainsurance.com,fiestaoperations@fiestainsurance.com,adominguez@fiestainsurance.com,fiestaca180@fiestainsurance.com
CA182,30-Jun-18,$603.63,75.00%,$452.72,,,$452.72,$0.00,0,$0.00,$0.00,$0.00,$452.72,,,,,,,$200.00,,,,,,,,,,,,$29.00,-$150.00,,,,,,,,,,,,,,,,,,,,,,-$10.00,,,"$500 Fee In ""Other Transactions"" Is For National Conference",,,,,,,,,,$500.00,$55.00,$569.00,-$171.28,fiestaca182@fiestainsurance.com,fiestaca182@fiestainsurance.com,acc@fiestainsurance.com,fiestaoperations@fiestainsurance.com,adominguez@fiestainsurance.com,fiestaca182@fiestainsurance.com
CA184,30-Jun-18,"$3,655.80",77.50%,"$2,833.24",,,"$2,833.24",$0.00,0,$0.00,$0.00,$0.00,"$2,833.24",,,,,,,$200.00,,,,"$1,262.70",,,,$0.27,,,,,,,,$25.00,,,,,,,,,,,,,,,,,,,,$53.57,,,,,,,,,,,,,,"$1,541.54","$1,291.70",fiestaca154@fiestainsurance.com,fiestaca154@fiestainsurance.com,acc@fiestainsurance.com,fiestaoperations@fiestainsurance.com,adominguez@fiestainsurance.com,fiestaca154@fiestainsurance.com
CA186,30-Jun-18,"$1,270.83",75.00%,$953.12,,,$953.12,$0.00,0,$0.00,$0.00,$0.00,$953.12,,,,,,,$200.00,,,,,,,,,,,,$29.00,,,,$25.00,,,,,,,,,,,,,,,,,,,-$10.00,,,"$500 Fee In ""Other Transactions"" Is For National Conference",,,,,,,,,,$500.00,,$744.00,$209.12,fiestaca186@fiestainsurance.com,fiestaca186@fiestainsurance.com,acc@fiestainsurance.com,fiestaoperations@fiestainsurance.com,adominguez@fiestainsurance.com,fiestaca186@fiestainsurance.com
CO001,30-Jun-18,"$15,909.23",82.50%,$750.11,77.50%,"$11,625.00","$12,375.11",$160.00,7,$30.00,-$210.00,-$50.00,"$12,325.11",,,,,,,$200.00,,,,,,,,$50.50,,,,,,,,,$50.00,,,,,,,,,,,,,,,,,,$40.00,,,"$500 Fee In ""Other Transactions"" Is For National Conference",,,,,,,$200.00,,,$500.00,,"$1,040.50","$11,284.61",fiestaco001@fiestainsurance.com,fiestaco001@fiestainsurance.com,acc@fiestainsurance.com,fiestaoperations@fiestainsurance.com,adominguez@fiestainsurance.com,fiestaco001@fiestainsurance.com
CO002,30-Jun-18,"$12,207.29",77.50%,"$9,460.65",,,"$9,460.65",$0.00,0,$0.00,$0.00,$0.00,"$9,460.65",,,,,,,$200.00,,,,,,,,$138.09,,,,,,,,,$50.00,,,,,,,,,,,,,,,,,,$100.00,,,,,,,,,,$200.00,,,,,$688.09,"$8,772.56",fiestaco001@fiestainsurance.com,fiestaco001@fiestainsurance.com,acc@fiestainsurance.com,fiestaoperations@fiestainsurance.com,adominguez@fiestainsurance.com,fiestaco001@fiestainsurance.com
FL001,30-Jun-18,"$42,407.31",80.00%,"$21,925.85",75.00%,"$11,250.00","$33,175.85",$0.00,0,$0.00,$0.00,$0.00,"$33,175.85",,,,,,,$200.00,,,,,,,,$109.33,,,,$61.98,,,,,$50.00,,,,,,,,,,,,,,,,,,$160.00,,,"$500 Fee In ""Other Transactions"" Is For National Conference",,,,,,,$200.00,,,$500.00,,"$1,281.31","$31,894.54",fiestafl001@fiestainsurance.com,fiestafl001@fiestainsurance.com,acc@fiestainsurance.com,fiestaoperations@fiestainsurance.com,adominguez@fiestainsurance.com,fiestafl001@fiestainsurance.com
FL004,30-Jun-18,"$14,087.43",75.00%,"$10,565.57",,,"$10,565.57",$0.00,0,$0.00,$0.00,$0.00,"$10,565.57",,,,,,,$200.00,,,,,,,,,,,,,,,,,,,,,,,,,,,,,,,,,,,$10.00,,,"$500 Fee In ""Other Transactions"" Is For National Conference",,,,,,,$200.00,,,$500.00,,$910.00,"$9,655.57",fiestafl004@fiestainsurance.com,fiestafl004@fiestainsurance.com,acc@fiestainsurance.com,fiestaoperations@fiestainsurance.com,adominguez@fiestainsurance.com,fiestafl004@fiestainsurance.com
FL005,30-Jun-18,"$35,992.29",82.50%,"$17,318.64",77.50%,"$11,625.00","$28,943.64",$0.00,0,$0.00,$0.00,$0.00,"$28,943.64",,,,,,,$200.00,,,,,,,,"$1,249.42",,,,,-$0.58,,,,$50.00,,,,,,,,,,,,,,,,,,$220.00,,,"$500 Fee In ""Other Transactions"" Is For National Conference",,,,,,,$200.00,,,$500.00,,"$2,418.84","$26,524.80",fiestafl014@fiestainsurance.com,fiestafl014@fiestainsurance.com,acc@fiestainsurance.com,fiestaoperations@fiestainsurance.com,adominguez@fiestainsurance.com,fiestafl014@fiestainsurance.com
FL006,30-Jun-18,"$2,224.27",80.00%,"$1,779.42",,,"$1,779.42",$177.00,0,$0.00,$0.00,$177.00,"$1,956.42",,,,,,,$200.00,,,,$789.19,,,,,,,,,,,,,$50.00,,,,,,,,,,,,,,,,,,$20.00,,,,,,,,,,$200.00,,,,,"$1,259.19",$697.23,fiestafl019@fiestainsurance.com,fiestafl019@fiestainsurance.com,acc@fiestainsurance.com,fiestaoperations@fiestainsurance.com,adominguez@fiestainsurance.com,fiestafl019@fiestainsurance.com
FL010,30-Jun-18,"$17,978.43",80.00%,"$2,382.74",75.00%,"$11,250.00","$13,632.74",$0.00,0,$0.00,$0.00,$0.00,"$13,632.74",,,,,,,$200.00,,,$8.35,,,,,$271.48,,,,,,,,,,,,,,,,,,,,,,,,,,,$30.00,,,"$500 Fee In ""Other Transactions"" Is For National Conference",,,,,,,$200.00,,,$500.00,,"$1,209.83","$12,422.91",fiestafl010@fiestainsurance.com,fiestafl010@fiestainsurance.com,acc@fiestainsurance.com,fiestaoperations@fiestainsurance.com,adominguez@fiestainsurance.com,fiestafl010@fiestainsurance.com
FL011,30-Jun-18,"$14,779.55",77.50%,"$11,454.15",,,"$11,454.15",$0.00,0,$0.00,$0.00,$0.00,"$11,454.15",,,,,,,$200.00,,,$41.75,,,,,$993.78,,,,,,,,,$300.00,,,,,,,,,,,,,,,,,,$30.00,,,"$500 Fee In ""Other Transactions"" Is For National Conference",,,,,,,$200.00,,,$500.00,,"$2,265.53","$9,188.62",fiestafl011@fiestainsurance.com,fiestafl011@fiestainsurance.com,acc@fiestainsurance.com,fiestaoperations@fiestainsurance.com,adominguez@fiestainsurance.com,fiestafl011@fiestainsurance.com
FL013,30-Jun-18,"$8,168.37",77.50%,"$6,330.49",,,"$6,330.49",$0.00,0,$0.00,$0.00,$0.00,"$6,330.49",,,,,,,$200.00,,,,$631.35,,,,$663.17,,,,,$258.53,,,,$50.00,,,,,,,,,,,,,,,,,,$50.00,,,"$500 Fee In ""Other Transactions"" Is For National Conference",,,,,,,$200.00,,,$500.00,,"$2,553.05","$3,777.44",fiestafl022@fiestainsurance.com,fiestafl022@fiestainsurance.com,acc@fiestainsurance.com,fiestaoperations@fiestainsurance.com,adominguez@fiestainsurance.com,fiestafl022@fiestainsurance.com
FL014,30-Jun-18,"$32,082.71",82.50%,"$14,093.24",77.50%,"$11,625.00","$25,718.24",$0.00,0,$0.00,$0.00,$0.00,"$25,718.24",,,,,,,$200.00,,,,,,,,$664.87,,,,,,,,,,,,,,,,,,,,,,,,,,,$130.00,,,,,,,,,,$200.00,,,,,"$1,194.87","$24,523.37",fiestafl014@fiestainsurance.com,fiestafl014@fiestainsurance.com,acc@fiestainsurance.com,fiestaoperations@fiestainsurance.com,adominguez@fiestainsurance.com,fiestafl014@fiestainsurance.com
FL019,30-Jun-18,"$23,201.16",85.00%,"$6,970.99",80.00%,"$12,000.00","$18,970.99",$357.00,1,$30.00,-$30.00,$327.00,"$19,297.99",,,,,,,$200.00,,,,,,,,$27.00,,,,,,,,,$100.00,,,,,,,,,,,,,,,,,,$70.00,,,"$500 Fee In ""Other Transactions"" Is For National Conference",,,,,,,$200.00,,,$500.00,,"$1,097.00","$18,200.99",fiestafl019@fiestainsurance.com,fiestafl019@fiestainsurance.com,acc@fiestainsurance.com,fiestaoperations@fiestainsurance.com,adominguez@fiestainsurance.com,fiestafl019@fiestainsurance.com
FL020,30-Jun-18,"$4,616.89",75.00%,"$3,462.67",,,"$3,462.67",$75.00,0,$0.00,$0.00,$75.00,"$3,537.67",,,,,,,$200.00,,,,,,,,"$2,373.29",,,,,$623.32,,,,$550.00,,,,,,,,,,,,,,,,,,$170.00,,,"$500 Fee In ""Other Transactions"" Is For National Conference",,,,,,,$200.00,,,$500.00,,"$4,616.61","-$1,078.94",fiestafl020@fiestainsurance.com,fiestafl020@fiestainsurance.com,acc@fiestainsurance.com,fiestaoperations@fiestainsurance.com,adominguez@fiestainsurance.com,fiestafl020@fiestainsurance.com
FL021,30-Jun-18,"$11,281.22",75.00%,"$8,460.92",,,"$8,460.92",$0.00,0,$0.00,$0.00,$0.00,"$8,460.92",,,,,,,$200.00,,,,,,,,$101.13,,,,,,,,,,,,,,,,,,,,,,,,,,,$30.00,,,"$500 Fee In ""Other Transactions"" Is For National Conference",,,,,,,$200.00,,,$500.00,,"$1,031.13","$7,429.79",fiestafl021@fiestainsurance.com,fiestafl021@fiestainsurance.com,acc@fiestainsurance.com,fiestaoperations@fiestainsurance.com,adominguez@fiestainsurance.com,fiestafl021@fiestainsurance.com
FL022,30-Jun-18,"$13,076.99",77.50%,"$10,134.67",,,"$10,134.67",$0.00,0,$0.00,$0.00,$0.00,"$10,134.67",,,,,,,$200.00,,,,$220.97,,,,"$10,181.91",,,,,"$1,915.65",,,$100.00,$650.00,,,"$2,000.00",,,,,,,,,,,,,,,$390.00,,,,,,,,,,$200.00,,,,,"$15,858.53","-$5,723.86",fiestafl022@fiestainsurance.com,fiestafl022@fiestainsurance.com,acc@fiestainsurance.com,fiestaoperations@fiestainsurance.com,adominguez@fiestainsurance.com,fiestafl022@fiestainsurance.com
FL023,30-Jun-18,"$3,554.59",80.00%,"$2,843.67",,,"$2,843.67",$0.00,0,$0.00,$0.00,$0.00,"$2,843.67",,,,,,,$200.00,,,,"$1,262.70",,,,$192.30,,,,,,,,,$50.00,,,,,,,,,,,,,,,,,,$50.00,,,,,,,,,,$200.00,,,,,"$1,955.00",$888.67,fiestafl019@fiestainsurance.com,fiestafl019@fiestainsurance.com,acc@fiestainsurance.com,fiestaoperations@fiestainsurance.com,adominguez@fiestainsurance.com,fiestafl019@fiestainsurance.com
FL024,30-Jun-18,"$3,647.03",80.00%,"$2,917.62",,,"$2,917.62",$122.10,3,$30.00,-$90.00,$32.10,"$2,949.72",,,,,,,$200.00,,,,,,,,$26.78,,,,,,,,,,,,,,,,,,,,,,,,,,,$50.00,,,,,,,,,,$200.00,,,,,$476.78,"$2,472.94",fiestafl019@fiestainsurance.com,fiestafl019@fiestainsurance.com,acc@fiestainsurance.com,fiestaoperations@fiestainsurance.com,adominguez@fiestainsurance.com,fiestafl019@fiestainsurance.com
FL025,30-Jun-18,"$1,506.62",75.00%,"$1,129.96",,,"$1,129.96",$0.00,0,$0.00,$0.00,$0.00,"$1,129.96",,,,,,,$200.00,,,,,,,,$786.24,,,,,-$60.00,,,,,,,,,,,,,,,,,,,,,,$60.00,,,"$500 Fee In ""Other Transactions"" Is For National Conference",,,,,,,$200.00,,,$500.00,"$2,806.39","$1,686.24","-$3,362.67",fiestafl025@fiestainsurance.com,fiestafl025@fiestainsurance.com,acc@fiestainsurance.com,fiestaoperations@fiestainsurance.com,adominguez@fiestainsurance.com,fiestafl025@fiestainsurance.com
FL026,30-Jun-18,"$14,018.42",75.00%,"$10,513.82",,,"$10,513.82",$165.00,0,$0.00,$0.00,$165.00,"$10,678.82",,,,,,,$200.00,,,,,,,,$290.58,,,,,,,,,,,,,,,,,,,,,,,,,,,$80.00,,,"$500 Fee In ""Other Transactions"" Is For National Conference",,,,,,,$200.00,,,$500.00,,"$1,270.58","$9,408.24",fiestafl026@fiestainsurance.com,fiestafl026@fiestainsurance.com,acc@fiestainsurance.com,fiestaoperations@fiestainsurance.com,adominguez@fiestainsurance.com,fiestafl026@fiestainsurance.com
FL027,30-Jun-18,$102.26,75.00%,$76.69,,,$76.69,$0.00,0,$0.00,$0.00,$0.00,$76.69,,,,,,,$200.00,,,,,,,,,,,,,,,,,,,,,,,,,,,,,,,,,,,,,,"$500 Fee In ""Other Transactions"" Is For National Conference",,,,,,,$200.00,,,$500.00,,$900.00,-$823.31,fiestafl021@fiestainsurance.com,fiestafl021@fiestainsurance.com,acc@fiestainsurance.com,fiestaoperations@fiestainsurance.com,adominguez@fiestainsurance.com,fiestafl021@fiestainsurance.com
FL028,30-Jun-18,"$3,310.74",77.50%,"$2,565.82",,,"$2,565.82",$0.00,0,$0.00,$0.00,$0.00,"$2,565.82",,,,,,,$200.00,,,,,,,,,,,,,,,,,,,,,,,,,,,,,,,,,,,$10.00,,,,,,,,,,$200.00,,,,,$410.00,"$2,155.82",fiestafl011@fiestainsurance.com,fiestafl011@fiestainsurance.com,acc@fiestainsurance.com,fiestaoperations@fiestainsurance.com,adominguez@fiestainsurance.com,fiestafl011@fiestainsurance.com
FL031,30-Jun-18,"$2,799.90",75.00%,"$2,099.93",,,"$2,099.93",$250.00,0,$0.00,$0.00,$250.00,"$2,349.93",,,,,,,$200.00,,,,,,,,,,,,,,,,,,,,,,,,,,,,,,,,,,,,,,"$500 Fee In ""Other Transactions"" Is For National Conference",,,,,,,$200.00,,,$500.00,,$900.00,"$1,449.93",fiestafl031@fiestainsurance.com,fiestafl031@fiestainsurance.com,acc@fiestainsurance.com,fiestaoperations@fiestainsurance.com,adominguez@fiestainsurance.com,fiestafl031@fiestainsurance.com
FL032,30-Jun-18,,75.00%,$0.00,,,$0.00,$0.00,0,$0.00,$0.00,$0.00,$0.00,,,,,,,,,,,,,,,,,,,$213.00,,,,,,,,,,,,,,,,,,,,,,,,,,,,,,,,,,,,,$261.98,$213.00,-$474.98,fiestafl032@fiestainsurance.com,fiestafl032@fiestainsurance.com,acc@fiestainsurance.com,fiestaoperations@fiestainsurance.com,adominguez@fiestainsurance.com,fiestafl032@fiestainsurance.com
FL037,30-Jun-18,,75.00%,$0.00,,,$0.00,$0.00,0,$0.00,$0.00,$0.00,$0.00,,,,,,,,,,,,,,,,,,,,,,,,,,,,,,,,,,,,,,,,,,,,,"$500 Fee In ""Other Transactions"" Is For National Conference",,,,,,,,,,$500.00,,$500.00,-$500.00,fiestafl037@fiestainsurance.com,fiestafl037@fiestainsurance.com,acc@fiestainsurance.com,fiestaoperations@fiestainsurance.com,adominguez@fiestainsurance.com,fiestafl037@fiestainsurance.com
IL003,30-Jun-18,"$1,870.57",77.50%,"$1,449.69",,,"$1,449.69",$0.00,3,$30.00,-$90.00,-$90.00,"$1,359.69",,,,,,,$200.00,,,,"$1,415.33",,,,,,,,,,,,,,,,,,,,,,,,,,,,,,,$10.00,,,"$500 Fee In ""Other Transactions"" Is For National Conference",,,,,,,$200.00,,,$500.00,,"$2,325.33",-$965.64,fiestaca023@fiestainsurance.com,fiestaca023@fiestainsurance.com,acc@fiestainsurance.com,fiestaoperations@fiestainsurance.com,adominguez@fiestainsurance.com,fiestaca023@fiestainsurance.com
IL004,30-Jun-18,"$2,669.06",77.50%,"$2,068.52",,,"$2,068.52",$200.00,0,$0.00,$0.00,$200.00,"$2,268.52",,,,,,,$200.00,,,,,,,,$258.40,,,,,,,,$25.00,,,,,,,,,,,,,,,,,,,$10.00,,,,,,,,,,$200.00,,,,,$693.40,"$1,575.12",fiestaca023@fiestainsurance.com,fiestaca023@fiestainsurance.com,acc@fiestainsurance.com,fiestaoperations@fiestainsurance.com,adominguez@fiestainsurance.com,fiestaca023@fiestainsurance.com
NM001,30-Jun-18,"$12,764.27",80.00%,"$10,211.42",,,"$10,211.42",$502.00,7,$30.00,-$210.00,$292.00,"$10,503.42",,,,,,,$200.00,,,,,,,,$371.59,,,,,,,,,,,,,,,,,,,,,,,,,,,$40.00,,,"$500 Fee In ""Other Transactions"" Is For National Conference",,,,,,,$200.00,,,$500.00,,"$1,311.59","$9,191.83",fiestanm001@fiestainsurance.com,fiestanm001@fiestainsurance.com,acc@fiestainsurance.com,fiestaoperations@fiestainsurance.com,adominguez@fiestainsurance.com,fiestanm001@fiestainsurance.com
NM002,30-Jun-18,"$10,048.28",80.00%,"$8,038.62",,,"$8,038.62",$175.00,0,$0.00,$0.00,$175.00,"$8,213.62",,,,,,,$200.00,,,,,,,,$291.16,,,,,,,,,,,,,,,,,,,,,,,,,,,$40.00,,,,,,,,,,$200.00,,,,,$731.16,"$7,482.46",fiestanm001@fiestainsurance.com,fiestanm001@fiestainsurance.com,acc@fiestainsurance.com,fiestaoperations@fiestainsurance.com,adominguez@fiestainsurance.com,fiestanm001@fiestainsurance.com
NM003,30-Jun-18,"$4,760.21",80.00%,"$3,808.17",,,"$3,808.17",$0.00,0,$0.00,$0.00,$0.00,"$3,808.17",,,,,,,$200.00,,,,,,,,$52.50,,,,,,,,,,,,,,,,,,,,,,,,,,,$20.00,,,,,,,,,,$200.00,,,,,$472.50,"$3,335.67",fiestanm001@fiestainsurance.com,fiestanm001@fiestainsurance.com,acc@fiestainsurance.com,fiestaoperations@fiestainsurance.com,adominguez@fiestainsurance.com,fiestanm001@fiestainsurance.com
NM004,30-Jun-18,"$3,008.86",80.00%,"$2,407.09",,,"$2,407.09",$0.00,0,$0.00,$0.00,$0.00,"$2,407.09",,,,,,,$200.00,,,,"$1,415.33",,,,,,,,,,,,,,,,,,,,,,,,,,,,,,,,,,,,,,,,,$200.00,,,,,"$1,815.33",$591.76,fiestanm001@fiestainsurance.com,fiestanm001@fiestainsurance.com,acc@fiestainsurance.com,fiestaoperations@fiestainsurance.com,adominguez@fiestainsurance.com,fiestanm001@fiestainsurance.com
NM005,30-Jun-18,"$2,335.55",80.00%,"$1,868.44",,,"$1,868.44",$0.00,0,$0.00,$0.00,$0.00,"$1,868.44",,,,,,,$200.00,,,,"$1,420.54",,,,$55.00,,,,,,,,,$250.00,,,,,,,,,,,,,,,,,,$10.00,,,,,,,,,,$200.00,,,,,"$2,135.54",-$267.10,fiestanm001@fiestainsurance.com,fiestanm001@fiestainsurance.com,acc@fiestainsurance.com,fiestaoperations@fiestainsurance.com,adominguez@fiestainsurance.com,fiestanm001@fiestainsurance.com
NY001,30-Jun-18,$106.63,100.00%,$106.63,,,$106.63,$0.00,0,$0.00,$0.00,$0.00,$106.63,,,,,,,,,,,,,,,,,,,,,,,,,,,,,,,,,,,,,,,,,,,,,,,,,,,,,,,,,$0.00,$106.63,fiestany001@fiestainsurance.com,fiestany001@fiestainsurance.com,acc@fiestainsurance.com,fiestaoperations@fiestainsurance.com,adominguez@fiestainsurance.com,fiestany001@fiestainsurance.com
OH001,30-Jun-18,"$13,142.14",77.50%,"$10,185.16",,,"$10,185.16",$0.00,4,$30.00,-$120.00,-$120.00,"$10,065.16",,,,,,,$200.00,,,,,,,,$293.75,,,,,,,,,$300.00,,,,,,,,,,,,,,,,,,$80.00,,,"$500 Fee In ""Other Transactions"" Is For National Conference",,,,,,,$200.00,,,$500.00,,"$1,573.75","$8,491.41",fiestaoh001@fiestainsurance.com,fiestaoh001@fiestainsurance.com,acc@fiestainsurance.com,fiestaoperations@fiestainsurance.com,adominguez@fiestainsurance.com,fiestaoh001@fiestainsurance.com
PA002,30-Jun-18,"$1,217.83",75.00%,$913.37,,,$913.37,$0.00,0,$0.00,$0.00,$0.00,$913.37,,,,,,,$200.00,,,,,,,,,,,,,,,,,,,,,,,,,,,,,,,,,,,,,,"$500 Fee In ""Other Transactions"" Is For National Conference",,,,,,,$200.00,,,$500.00,,$900.00,$13.37,fiestapa002@fiestainsurance.com,fiestapa002@fiestainsurance.com,acc@fiestainsurance.com,fiestaoperations@fiestainsurance.com,adominguez@fiestainsurance.com,fiestapa002@fiestainsurance.com
TN002,30-Jun-18,"$25,692.63",80.00%,"$8,554.10",75.00%,"$11,250.00","$19,804.10",$0.00,4,$30.00,-$120.00,-$120.00,"$19,684.10",,,,,,,$200.00,,,,,,,,,,,,,,,,$25.00,,,,,,,,,,,,,,,,,,,$40.00,,,"$500 Fee In ""Other Transactions"" Is For National Conference",,,,,,,$200.00,,,$500.00,,$965.00,"$18,719.10",fiestatn002@fiestainsurance.com,fiestatn002@fiestainsurance.com,acc@fiestainsurance.com,fiestaoperations@fiestainsurance.com,adominguez@fiestainsurance.com,fiestatn002@fiestainsurance.com
TX003,30-Jun-18,"$3,119.30",75.00%,"$2,339.48",,,"$2,339.48",$271.00,1,$30.00,-$30.00,$241.00,"$2,580.48",,,,,,,$200.00,,,,,,,,$197.20,,,,,,,,,,,,,,,,,,,,,,,,,,,$60.00,,,"$500 Fee In ""Other Transactions"" Is For National Conference",,,,,,,$200.00,,,$500.00,,"$1,157.20","$1,423.28",fiestatx003@fiestainsurance.com,fiestatx003@fiestainsurance.com,acc@fiestainsurance.com,fiestaoperations@fiestainsurance.com,adominguez@fiestainsurance.com,fiestatx003@fiestainsurance.com
TX008,30-Jun-18,"$2,572.40",75.00%,"$1,929.30",,,"$1,929.30",$320.10,1,$30.00,-$30.00,$290.10,"$2,219.40",,,,,,,$200.00,,,,,,,,$10.00,,,,,,,,,$100.00,,,,,,,,,,,,,,,,,,$10.00,,,"$500 Fee In ""Other Transactions"" Is For National Conference",,,,,,,$200.00,,,$500.00,,"$1,020.00","$1,199.40",fiestatx008@fiestainsurance.com,fiestatx008@fiestainsurance.com,acc@fiestainsurance.com,fiestaoperations@fiestainsurance.com,adominguez@fiestainsurance.com,fiestatx008@fiestainsurance.com
TX009,30-Jun-18,"$16,579.45",82.50%,"$1,303.05",77.50%,"$11,625.00","$12,928.05",$295.00,2,$30.00,-$60.00,$235.00,"$13,163.05",,,,,,,$200.00,,,,,,,,$378.92,,,,,$0.13,,,$75.00,$100.00,,,,,,,,,,,,,,,,,,$90.00,,,"$500 Fee In ""Other Transactions"" Is For National Conference",,,,,,,$200.00,,,$500.00,,"$1,544.05","$11,619.00",fiestatx009@fiestainsurance.com,fiestatx009@fiestainsurance.com,acc@fiestainsurance.com,fiestaoperations@fiestainsurance.com,adominguez@fiestainsurance.com,fiestatx009@fiestainsurance.com
TX013,30-Jun-18,"$17,807.92",85.00%,"$2,386.73",80.00%,"$12,000.00","$14,386.73",$0.00,0,$0.00,$0.00,$0.00,"$14,386.73",,,,,,,$200.00,,,,,,,,$71.68,,,,,,,,,,,,,,,,,,,,,,,,,,,$40.00,,,"$500 Fee In ""Other Transactions"" Is For National Conference",,,,,,,$200.00,,,$500.00,,"$1,011.68","$13,375.05",fiestatx013@fiestainsurance.com,fiestatx013@fiestainsurance.com,acc@fiestainsurance.com,fiestaoperations@fiestainsurance.com,adominguez@fiestainsurance.com,fiestatx013@fiestainsurance.com
TX014,30-Jun-18,"$3,987.91",80.00%,"$3,190.33",,,"$3,190.33",$0.00,0,$0.00,$0.00,$0.00,"$3,190.33",,,,,,,$200.00,,,,"$1,361.20",,,,,,,,,,,,$50.00,,,,,,,,,,,,,,,,,,,$10.00,$64.16,,,,,,,,,$200.00,,,,,"$1,885.36","$1,304.97",fiestatx032@fiestainsurance.com,fiestatx032@fiestainsurance.com,acc@fiestainsurance.com,fiestaoperations@fiestainsurance.com,adominguez@fiestainsurance.com,fiestatx032@fiestainsurance.com
TX015,30-Jun-18,"$14,703.07",80.00%,"$11,762.46",,,"$11,762.46",$0.00,0,$0.00,$0.00,$0.00,"$11,762.46",,,,,,,$200.00,,,,"$2,516.15",,,,$131.31,,,,,,,,$50.00,,,,,,,,,,,,,,,,,,,$110.00,,,,,,,,,,$200.00,,,,-$205.62,"$3,207.46","$8,760.62",fiestanm001@fiestainsurance.com,fiestanm001@fiestainsurance.com,acc@fiestainsurance.com,fiestaoperations@fiestainsurance.com,adominguez@fiestainsurance.com,fiestanm001@fiestainsurance.com
TX017,30-Jun-18,"$14,322.74",75.00%,"$10,742.06",,,"$10,742.06",$486.90,1,$30.00,-$30.00,$456.90,"$11,198.96",,,,,,,$200.00,,,,,,,,$176.36,,,,,,,,,,,,,,,,,,,,,,,,,,,$30.00,,,"$500 Fee In ""Other Transactions"" Is For National Conference",,,,,,,$200.00,,,$500.00,,"$1,106.36","$10,092.60",fiestatx017@fiestainsurance.com,fiestatx017@fiestainsurance.com,acc@fiestainsurance.com,fiestaoperations@fiestainsurance.com,adominguez@fiestainsurance.com,fiestatx017@fiestainsurance.com
TX018,30-Jun-18,"$10,425.18",77.50%,"$8,079.51",,,"$8,079.51",$200.00,2,$30.00,-$60.00,$140.00,"$8,219.51",,,,,,,$200.00,,,,,,,,$225.65,,,,,,,,,,,,,,,,,,,,,,,,,,,$40.00,,,,,,,,,,$200.00,,,,,$665.65,"$7,553.86",fiestatx009@fiestainsurance.com,fiestatx009@fiestainsurance.com,acc@fiestainsurance.com,fiestaoperations@fiestainsurance.com,adominguez@fiestainsurance.com,fiestatx009@fiestainsurance.com
TX019,30-Jun-18,"$9,348.24",77.50%,"$7,244.89",,,"$7,244.89",$0.00,0,$0.00,$0.00,$0.00,"$7,244.89",,,,,,,$200.00,,,,,,,,$140.00,,,,,,,,,$50.00,,,,,,,,,,,,,,,,,,$40.00,,,"$500 Fee In ""Other Transactions"" Is For National Conference",,,,,,,$200.00,,,$500.00,,"$1,130.00","$6,114.89",fiestatx019@fiestainsurance.com,fiestatx019@fiestainsurance.com,acc@fiestainsurance.com,fiestaoperations@fiestainsurance.com,adominguez@fiestainsurance.com,fiestatx019@fiestainsurance.com
TX020,30-Jun-18,"$3,961.18",80.00%,"$3,168.94",,,"$3,168.94",$0.00,0,$0.00,$0.00,$0.00,"$3,168.94",,,,,,,$200.00,,,,,,,,,,,,,,,,,$100.00,,,,,,,,,,,,,,,,,,$20.00,,,,,,,,,,$200.00,,,,,$520.00,"$2,648.94",fiestatx032@fiestainsurance.com,fiestatx032@fiestainsurance.com,acc@fiestainsurance.com,fiestaoperations@fiestainsurance.com,adominguez@fiestainsurance.com,fiestatx032@fiestainsurance.com
TX022,30-Jun-18,"$3,017.69",75.00%,"$2,263.27",,,"$2,263.27",$0.00,0,$0.00,$0.00,$0.00,"$2,263.27",,,,,,,$200.00,,,,,,,,,,,,,,,,$25.00,,,,,,,,,,,,,,,,,,,,,,"$500 Fee In ""Other Transactions"" Is For National Conference",,,,,,,$200.00,,,$500.00,,$925.00,"$1,338.27",fiestatx022@fiestainsurance.com,fiestatx022@fiestainsurance.com,acc@fiestainsurance.com,fiestaoperations@fiestainsurance.com,adominguez@fiestainsurance.com,fiestatx022@fiestainsurance.com
TX023,30-Jun-18,"$1,352.01",75.00%,"$1,014.01",,,"$1,014.01",$0.00,0,$0.00,$0.00,$0.00,"$1,014.01",,,,,,,$200.00,,,,,,,,,,,,,,,,,,,,,,,,,,,,,,,,,,,$10.00,,,"$500 Fee In ""Other Transactions"" Is For National Conference",,,,,,,$200.00,,,$500.00,"$3,584.88",$910.00,"-$3,480.87",fiestatx023@fiestainsurance.com,fiestatx023@fiestainsurance.com,acc@fiestainsurance.com,fiestaoperations@fiestainsurance.com,adominguez@fiestainsurance.com,fiestatx023@fiestainsurance.com
TX030,30-Jun-18,"$4,372.70",80.00%,"$3,498.16",,,"$3,498.16",$0.00,0,$0.00,$0.00,$0.00,"$3,498.16",,,,,,,$200.00,,,,,,,,$2.00,,,,,,,,,,,,,,,,,,,,,,,,,,,$20.00,,,,,,,,,,$200.00,,,,,$422.00,"$3,076.16",fiestatx013@fiestainsurance.com,fiestatx013@fiestainsurance.com,acc@fiestainsurance.com,fiestaoperations@fiestainsurance.com,adominguez@fiestainsurance.com,fiestatx013@fiestainsurance.com
TX031,30-Jun-18,"$5,839.47",75.00%,"$4,379.60",,,"$4,379.60",$0.00,1,$30.00,-$30.00,-$30.00,"$4,349.60",,,,,,,$200.00,,,,,,,,$55.00,,,,,,,,,,,,,,,,,,,,,,,,,,,$10.00,,,"$500 Fee In ""Other Transactions"" Is For National Conference",,,,,,,$200.00,"$2,000.00",,$500.00,,"$2,965.00","$1,384.60",fiestatx031@fiestainsurance.com,fiestatx031@fiestainsurance.com,acc@fiestainsurance.com,fiestaoperations@fiestainsurance.com,adominguez@fiestainsurance.com,fiestatx031@fiestainsurance.com
TX032,30-Jun-18,"$7,762.27",80.00%,"$6,209.82",,,"$6,209.82",$0.00,0,$0.00,$0.00,$0.00,"$6,209.82",,,,,,,$200.00,,,,$272.87,,,,,,,,,-$0.30,,,,$50.00,,,,,,,,,,,,,,,,,,$10.00,,,"$500 Fee In ""Other Transactions"" Is For National Conference",,,,,,,$200.00,,,$500.00,,"$1,232.57","$4,977.25",fiestatx032@fiestainsurance.com,fiestatx032@fiestainsurance.com,acc@fiestainsurance.com,fiestaoperations@fiestainsurance.com,adominguez@fiestainsurance.com,fiestatx032@fiestainsurance.com
TX033,30-Jun-18,"$8,662.34",80.00%,"$6,929.87",,,"$6,929.87",$0.00,0,$0.00,$0.00,$0.00,"$6,929.87",,,,,,,$200.00,,,,,,,,$233.34,,,,,,,,,,,,,,,,,,,,,,,,,,,$60.00,,,,,,,,,,$200.00,,,,,$693.34,"$6,236.53",fiestatx013@fiestainsurance.com,fiestatx013@fiestainsurance.com,acc@fiestainsurance.com,fiestaoperations@fiestainsurance.com,adominguez@fiestainsurance.com,fiestatx013@fiestainsurance.com
TX034,30-Jun-18,"$2,303.51",80.00%,"$1,842.81",,,"$1,842.81",$0.00,1,$30.00,-$30.00,-$30.00,"$1,812.81",,,,,,,$200.00,,,,,,,,,,,,,,,,,,,,,,,,,,,,,,,,,,,,,,,,,,,,,$200.00,,,,,$400.00,"$1,412.81",fiestanm001@fiestainsurance.com,fiestanm001@fiestainsurance.com,acc@fiestainsurance.com,fiestaoperations@fiestainsurance.com,adominguez@fiestainsurance.com,fiestanm001@fiestainsurance.com
TX038,30-Jun-18,$927.20,80.00%,$741.76,,,$741.76,$0.00,0,$0.00,$0.00,$0.00,$741.76,,,,,,,$200.00,,,,,,,,$108.39,,,,,,,,,,,,,,,,,,,,,,,,,,,$40.00,,,,,,,,,,$200.00,,,,,$548.39,$193.37,fiestatx013@fiestainsurance.com,fiestatx013@fiestainsurance.com,acc@fiestainsurance.com,fiestaoperations@fiestainsurance.com,adominguez@fiestainsurance.com,fiestatx013@fiestainsurance.com
TX039,30-Jun-18,$418.31,80.00%,$334.65,,,$334.65,$0.00,0,$0.00,$0.00,$0.00,$334.65,,,,,,,$200.00,,,,,,,,$14.01,,,,,,,,,,,,,,,,,,,,,,,,,,,$30.00,,,,,,,,,,$200.00,,,,,$444.01,-$109.36,fiestatx013@fiestainsurance.com,fiestatx013@fiestainsurance.com,acc@fiestainsurance.com,fiestaoperations@fiestainsurance.com,adominguez@fiestainsurance.com,fiestatx013@fiestainsurance.com
TX040,30-Jun-18,"$3,429.11",75.00%,"$2,571.83",,,"$2,571.83",$0.00,0,$0.00,$0.00,$0.00,"$2,571.83",,,,,,,$200.00,,,,,,,,$122.16,,,,,,,,,,,,,,,,,,,,,,,,,,,$80.00,$443.13,,"$500 Fee In ""Other Transactions"" Is For National Conference",,,,,,,$200.00,,,$500.00,,"$1,545.29","$1,026.54",fiestatx040@fiestainsurance.com,fiestatx040@fiestainsurance.com,acc@fiestainsurance.com,fiestaoperations@fiestainsurance.com,adominguez@fiestainsurance.com,fiestatx040@fiestainsurance.com
TX041,30-Jun-18,$364.75,77.50%,$282.68,,,$282.68,$0.00,0,$0.00,$0.00,$0.00,$282.68,,,,,,,$200.00,,,,,,,,$25.00,,,,,,,,,$50.00,,,,,,,,,,,,,,,,,,$10.00,,,,,,,,,,$200.00,,,,,$485.00,-$202.32,fiestatx019@fiestainsurance.com,fiestatx019@fiestainsurance.com,acc@fiestainsurance.com,fiestaoperations@fiestainsurance.com,adominguez@fiestainsurance.com,fiestatx019@fiestainsurance.com
TX042,30-Jun-18,"$1,630.50",75.00%,"$1,222.88",,,"$1,222.88",$75.00,2,$30.00,-$60.00,$15.00,"$1,237.88",,,,,,,$200.00,,,,,,,,$5.60,,,,,-$773.16,,,$25.00,$100.00,,,,,,,,,,,,,,,,,,$80.00,,,"$500 Fee In ""Other Transactions"" Is For National Conference",,,,,,,$200.00,,,$500.00,$685.13,$337.44,$215.31,fiestatx042@fiestainsurance.com,fiestatx042@fiestainsurance.com,acc@fiestainsurance.com,fiestaoperations@fiestainsurance.com,adominguez@fiestainsurance.com,fiestatx042@fiestainsurance.com
TX043,30-Jun-18,$585.29,75.00%,$438.97,,,$438.97,$0.00,0,$0.00,$0.00,$0.00,$438.97,,,,,,,$200.00,,,,,,,,$365.36,,,,,-$301.16,,,,$100.00,,,,,,,,,,,,,,,,,,$50.00,,,"$500 Fee In ""Other Transactions"" Is For National Conference",,,,,,,$200.00,,,$500.00,$916.09,"$1,114.20","-$1,591.32",fiestatx043@fiestainsurance.com,fiestatx043@fiestainsurance.com,acc@fiestainsurance.com,fiestaoperations@fiestainsurance.com,adominguez@fiestainsurance.com,fiestatx043@fiestainsurance.com
TX045,30-Jun-18,"$2,636.63",75.00%,"$1,977.47",,,"$1,977.47",$0.00,1,$30.00,-$30.00,-$30.00,"$1,947.47",,,,,,,$200.00,,,,,,,,$450.31,,,,,,,,,,,,,,,,,,,,,,,,,,,$60.00,,,"$500 Fee In ""Other Transactions"" Is For National Conference",,,,,,,$200.00,,,$500.00,,"$1,410.31",$537.16,fiestatx045@fiestainsurance.com,fiestatx045@fiestainsurance.com,acc@fiestainsurance.com,fiestaoperations@fiestainsurance.com,adominguez@fiestainsurance.com,fiestatx045@fiestainsurance.com
TX046,30-Jun-18,"$1,332.10",75.00%,$999.08,,,$999.08,$0.00,0,$0.00,$0.00,$0.00,$999.08,,,,,,,$200.00,,,,,,,,,,,,,-$168.80,,,,$50.00,,,,,,,,,,,,,,,,,,$10.00,,,"$500 Fee In ""Other Transactions"" Is For National Conference",,,,,,,$200.00,,,$500.00,"$1,948.16",$791.20,"-$1,740.28",fiestatx046@fiestainsurance.com,fiestatx046@fiestainsurance.com,acc@fiestainsurance.com,fiestaoperations@fiestainsurance.com,adominguez@fiestainsurance.com,fiestatx046@fiestainsurance.com
TX047,30-Jun-18,$427.87,75.00%,$320.90,,,$320.90,$0.00,0,$0.00,$0.00,$0.00,$320.90,,,,,,,$200.00,,,,,,,,$18.00,,,,,,,,,,,,,,,,,,,,,,,,,,,,,,"$500 Fee In ""Other Transactions"" Is For National Conference",,,,,,,$200.00,,,$500.00,$861.78,$918.00,"-$1,458.88",fiestatx047@fiestainsurance.com,fiestatx047@fiestainsurance.com,acc@fiestainsurance.com,fiestaoperations@fiestainsurance.com,adominguez@fiestainsurance.com,fiestatx047@fiestainsurance.com
