Store,Date,Gross Commissions,Commissions Percentage,Commissions,Commissions Percentage,Commissions,Total Commissions,Tax Preparation Revenue,Less: Tax Royalties Multiplicand,Less: Tax Royalties Multiplier,Less: Tax Royalties Product,Net Tax Revenue,Total Revenue,Hourly Wages,Overtime,Bonus & Commissions,Payroll Taxes - ER,Workers Comp Insurance,Payroll Processing Fees,Policy Manager,Licenses and Permits,Rating Software,Motor Vehicle Reports,Loans due from Franchisee,Minimum Royalty Fee,Servicing Fee,Trade Shows,Trust Acctg - A/R,Telephone,Postage,Television/Radio,Licenses & Permits,Trust Acct Shortage/Overage,Internet,On Hold Recording,Acctg - Scanning Violation Penalties,Acctg - Deposit Violation Penalties,Bad Debts,Print,Reimbursed Fees - Other,Gas,D&S Memberships,E&O Insurance,Basic Rent,Basic Supplies,Building/Office,Referral Fees,Small Equip Purchases Under$500,Small FF&E Under$500,Legal Fees,CAM Charges,Cell Phone,Security,Electricity,Acctg - Accounting Violation Penalties,Advertising,Appointment Fees,Arrow Protection,DOI License Fee,Entrepreneur Magazine,Franchise Gator Leads,Franchise Guide Supplies,Franchise Times Magazine,Leads,SEO (Search Engine Optimization),Renewal Fee,Incentive,Max Shield,Total Deductions,Previous Unpaid Balance,Balance Due To/(From) Franchise
CA001,Sep-17,"$34,847.91",82.50%,"$16,374.53",77.50%,"$11,625.00","$27,999.53",$279.95,1,$30.00,-$30.00,$249.95,"$28,249.48",,,,,,,$200.00,,,,,,,,,,,,,,,,,,,,,,,,,,,,,,,,,,,$40.00,"$1,200.00",,,,,,,,,,,,,"$1,440.00",,"$26,809.48"
CA002,Sep-17,"$27,969.79",85.00%,"$11,024.32",80.00%,"$12,000.00","$23,024.32",$0.00,2,$30.00,-$60.00,-$60.00,"$22,964.32",,,,,,,$200.00,,,,,,,,$800.87,,,,,$0.20,,,,$100.00,,,,,,,,,,,,,,,,,,$230.00,"$1,200.00",,,,,,,,,,,,,"$2,531.07",,"$20,433.25"
CA003,Sep-17,"$26,780.22",85.00%,"$10,013.19",80.00%,"$12,000.00","$22,013.19",$0.00,2,$30.00,-$60.00,-$60.00,"$21,953.19",,,,,,,$200.00,,,,,,,,"$1,493.06",$424.13,,,,,,,,$50.00,,,,,,,"$3,067.00",,,,,,,$700.00,,,,$130.00,"$1,200.00",,,,,,,,,,,,,"$7,264.19",,"$14,689.00"
CA004,Sep-17,"$24,656.61",85.00%,"$8,208.12",80.00%,"$12,000.00","$20,208.12",$449.95,1,$30.00,-$30.00,$419.95,"$20,628.07",,,,,,,$200.00,,,,,,,,"$1,329.51",,,,,,,,,,,,,,,,,,,,,,,,,,,$80.00,"$1,200.00",,,,,,,,,,,,$44.95,"$2,854.46",,"$17,773.61"
CA005,Sep-17,"$9,878.34",80.00%,"$7,902.67",,,"$7,902.67",$0.00,0,$0.00,$0.00,$0.00,"$7,902.67",,,,,,,$200.00,,,,,,,,,,,,,-$1.17,,,,,,,,,,,"$3,434.47",,,,,,,,,,,$10.00,"$1,200.00",,,,,,,,,,,,,"$4,843.30",,"$3,059.37"
CA006,Sep-17,"$40,829.66",85.00%,"$21,955.21",80.00%,"$12,000.00","$33,955.21",$0.00,0,$0.00,$0.00,$0.00,"$33,955.21",,,,,,,$200.00,,,,,,,,$198.91,,,,,$0.90,,,,$50.00,,,,,,,,,,,,,,,,,,$210.00,"$1,200.00",,,,,,,,,,"$2,000.00",,,"$3,859.81",,"$30,095.40"
CA007,Sep-17,"$11,696.26",77.50%,"$9,064.60",,,"$9,064.60",$0.00,0,$0.00,$0.00,$0.00,"$9,064.60",,,,,,,$200.00,,,,,,,,$140.65,$393.92,,,,,,,,,,,,,,,"$3,504.05",,,,,,,,,,$237.22,$20.00,"$1,200.00",,,,,,,,,,,,,"$5,695.84",,"$3,368.76"
CA008,Sep-17,"$18,628.69",85.00%,"$3,084.39",80.00%,"$12,000.00","$15,084.39",$0.00,0,$0.00,$0.00,$0.00,"$15,084.39",,,,,,,$200.00,,,,,,,,"$1,158.87",,,,,-$10.47,,,$50.00,$50.00,,,,,,,,,,,,,,,,,,$110.00,"$1,200.00",,,,,,,,,,,,,"$2,758.40",,"$12,325.99"
CA009,Sep-17,"$21,790.95",80.00%,"$5,432.76",75.00%,"$11,250.00","$16,682.76",$211.95,4,$30.00,-$120.00,$91.95,"$16,774.71",,,,,,,$200.00,,$232.75,,,,,,$434.71,$693.60,,,,$0.01,,,$150.00,$100.00,,,,,,,"$3,949.51",,,,,,,,,,$320.33,$60.00,"$1,200.00",,,,,,,,,,"$2,000.00",,$134.85,"$9,475.76",,"$7,298.95"
CA010,Sep-17,"$5,187.21",80.00%,"$4,149.77",,,"$4,149.77",$0.00,0,$0.00,$0.00,$0.00,"$4,149.77",,,,,,,$200.00,,,,,,,,"$2,934.72",,,,,-$1.00,,,$100.00,$150.00,,,,,,,,,,,,,,,,,,"$1,090.00","$1,179.17",,,,,,,,,,,,,"$5,652.89",,"-$1,503.12"
CA011,Sep-17,"$23,973.09",85.00%,"$7,627.13",80.00%,"$12,000.00","$19,627.13",$0.00,1,$30.00,-$30.00,-$30.00,"$19,597.13",,,,,,,$200.00,,,$112.20,,,,,$240.44,,,,$29.00,,,,,,,,,,,,,,,,,,,,,,,$60.00,"$1,739.65",,,,,,,,,,,,,"$2,381.29",,"$17,215.84"
CA012,Sep-17,"$55,766.85",85.00%,"$34,651.82",80.00%,"$12,000.00","$46,651.82",$0.00,0,$0.00,$0.00,$0.00,"$46,651.82",,,,,,,$200.00,,,$7.65,,,,,,,,,,,,,,,,,,,,,,,,,,,,,,,,$60.00,"$1,210.48",,,,,,,,,,,,,"$1,478.13",,"$45,173.69"
CA013,Sep-17,"$16,122.00",80.00%,$897.60,75.00%,"$11,250.00","$12,147.60",$0.00,0,$0.00,$0.00,$0.00,"$12,147.60",,,,,,,$200.00,,,$12.75,,,,,"$4,685.29",,,,,,,,$25.00,$300.00,,,,,,,,,,,,,,,,,,$270.00,"$1,200.00",,,,,,,,,,,,,"$6,693.04",,"$5,454.56"
CA014,Sep-17,"$12,654.22",80.00%,"$10,123.38",,,"$10,123.38",$0.00,1,$30.00,-$30.00,-$30.00,"$10,093.38",,,,,,,$200.00,,,,,,,,"$1,039.04",,,,,-$267.72,,,,,,,,,,,,,,,,,,,,,,$20.00,"$1,200.00",,,,,,,,,,,,,"$2,191.32",,"$7,902.06"
CA015,Sep-17,"$21,165.87",82.50%,"$5,086.84",77.50%,"$11,625.00","$16,711.84",$0.00,0,$0.00,$0.00,$0.00,"$16,711.84",,,,,,,$200.00,,,,"$1,400.07",,,,$1.00,,,,,,,,,,,,,,,,"$4,951.37",,,,,,,$620.00,,,$377.09,$80.00,"$1,200.00",,,,,,,,,,,,,"$8,829.53",,"$7,882.31"
CA016,Sep-17,"$16,309.88",85.00%,"$1,113.40",80.00%,"$12,000.00","$13,113.40",$0.00,1,$30.00,-$30.00,-$30.00,"$13,083.40",,,,,,,$200.00,,,$20.40,,,,,,,,,,,,,,,,,,,,,,,,,,,,,,,,$30.00,"$1,210.48",,,,,,,,,,,,,"$1,460.88",,"$11,622.52"
CA019,Sep-17,"$9,429.58",80.00%,"$7,543.66",,,"$7,543.66",$0.00,3,$30.00,-$90.00,-$90.00,"$7,453.66",,,,,,,$200.00,,,,,,,,$192.00,,,,,,,,,,,,,,,,,,,,,,,,,,,$40.00,"$1,200.00",,,,,,,,,,,,,"$1,632.00",,"$5,821.66"
CA020,Sep-17,"$10,589.74",80.00%,"$8,471.79",,,"$8,471.79",$0.00,0,$0.00,$0.00,$0.00,"$8,471.79",,,,,,,$200.00,,,,,,,,,,,,,$0.02,,,,$50.00,,,,,,,,,,,,,,,,,,$10.00,"$1,200.00",,,,,,,,,,,,,"$1,460.02",,"$7,011.77"
CA022,Sep-17,"$11,921.95",80.00%,"$9,537.56",,,"$9,537.56",$0.00,0,$0.00,$0.00,$0.00,"$9,537.56",,,,,,,$200.00,,,$86.70,,,,,,,,,,,,,,,,,,,,,,,,,,,,,,,,$20.00,"$1,739.65",,,,,,,,,,"$2,000.00",,,"$4,046.35",,"$5,491.21"
CA023,Sep-17,"$21,277.75",85.00%,"$5,336.09",80.00%,"$12,000.00","$17,336.09",$0.00,0,$0.00,$0.00,$0.00,"$17,336.09",,,,,,,$200.00,,,,,,,,$220.16,,,,,-$167.32,,,$25.00,$50.00,,,,,,,,,,,,,,,,,,$80.00,"$1,189.64",,,,,,,,,,,,,"$1,597.48",,"$15,738.61"
CA024,Sep-17,"$16,008.07",85.00%,$856.86,80.00%,"$12,000.00","$12,856.86",$0.00,1,$30.00,-$30.00,-$30.00,"$12,826.86",,,,,,,$200.00,,,$12.75,,,,,$710.36,,,,,$1.00,,,$25.00,$100.00,,,,,,,,,,,,,,,,,,$50.00,"$1,189.65",,,,,,,,,,,,,"$2,288.76",,"$10,538.10"
CA025,Sep-17,"$5,224.48",77.50%,"$4,048.97",,,"$4,048.97",$0.00,1,$30.00,-$30.00,-$30.00,"$4,018.97",,,,,,,$200.00,,,,,,,,,,,,,-$144.21,,,$25.00,,,,,,,,,,,,,,,,,,,$10.00,"$1,428.25",,,,,,,,,,"$2,000.00",,,"$3,519.04",,$499.93
CA026,Sep-17,"$45,930.40",85.00%,"$26,290.84",80.00%,"$12,000.00","$38,290.84",$0.00,0,$0.00,$0.00,$0.00,"$38,290.84",,,,,,,$200.00,,,$104.55,,,,,$543.53,,,,,,,,,,,,,,,,,,,,,,,,,,,$190.00,"$1,189.64",,,,,,,,,,,,,"$2,227.72",,"$36,063.12"
CA027,Sep-17,"$17,708.15",80.00%,"$2,166.52",75.00%,"$11,250.00","$13,416.52",$0.00,3,$30.00,-$90.00,-$90.00,"$13,326.52",,,,,,,$200.00,,,,,,,,$248.38,,,,,,,,,,,,,,,,,,,,,,,,,,,$20.00,"$1,200.00",,,,,,,,,,,,$44.95,"$1,713.33",,"$11,613.19"
CA028,Sep-17,"$15,217.51",85.00%,$184.88,80.00%,"$12,000.00","$12,184.88",$0.00,0,$0.00,$0.00,$0.00,"$12,184.88",,,,,,,$200.00,,,,,,,,"$1,018.91",,,,,,,,,,,,,,,,,,,,,,,,,,,$20.00,"$1,200.00",,,,,,,,,,,,,"$2,438.91",,"$9,745.97"
CA030,Sep-17,"$45,630.25",85.00%,"$26,035.71",80.00%,"$12,000.00","$38,035.71",$704.00,9,$30.00,-$270.00,$434.00,"$38,469.71",,,,,,,$200.00,,,$17.85,,,,,$263.02,,,,,,,,$75.00,,,,,,,,,,,,,,,,,,,$150.00,"$1,469.09",,,,,,,,,,"$2,000.00",,$44.95,"$4,219.91",,"$34,249.80"
CA031,Sep-17,"$22,532.13",82.50%,"$6,214.01",77.50%,"$11,625.00","$17,839.01",$0.00,0,$0.00,$0.00,$0.00,"$17,839.01",,,,,,,$200.00,,,,,,,,$67.17,,,,,,,,$25.00,,,,,,,,,,,,,,,,,,,$50.00,"$1,200.00",,,,,,,,,,,,,"$1,542.17",,"$16,296.84"
CA032,Sep-17,"$29,002.19",85.00%,"$11,901.86",80.00%,"$12,000.00","$23,901.86",$49.05,0,$0.00,$0.00,$49.05,"$23,950.91",,,,,,,$200.00,,,$22.95,,,,,$280.74,,,,$29.00,$2.00,,,$25.00,$50.00,,,,,,,,,,,,,,,,,,$170.00,"$1,189.63",,,,,,,,,,,,,"$1,969.32",,"$21,981.59"
CA033,Sep-17,"$49,079.26",85.00%,"$28,967.37",80.00%,"$12,000.00","$40,967.37",$0.00,0,$0.00,$0.00,$0.00,"$40,967.37",,,,,,,$200.00,,,,,,,,$404.87,,,,,,,,$50.00,,,,,,,,,,,,,,,,,,,$120.00,"$1,312.72",,,,,,,,,,,,,"$2,087.59",,"$38,879.78"
CA034,Sep-17,"$14,159.76",75.00%,"$10,619.82",,,"$10,619.82",$0.00,4,$30.00,-$120.00,-$120.00,"$10,499.82",,,,,,,$200.00,,,,,,,,$43.78,,,,,,,,$25.00,,,,,,,,,,,,,,,,,,$482.86,$80.00,"$1,200.00",,,,,,,,,,,,,"$2,031.64",,"$8,468.18"
CA035,Sep-17,"$18,192.20",80.00%,"$2,553.76",75.00%,"$11,250.00","$13,803.76",$0.00,0,$0.00,$0.00,$0.00,"$13,803.76",,,,,,,$200.00,,,,,,,,$4.02,,,,,-$15.74,,,$25.00,$50.00,,,,,,,,,,,,,,,,,,$70.00,"$1,200.00",,,,,,,,,,,,,"$1,533.28",,"$12,270.48"
CA036,Sep-17,"$16,866.99",85.00%,"$1,586.94",80.00%,"$12,000.00","$13,586.94",$0.00,3,$30.00,-$90.00,-$90.00,"$13,496.94",,,,,,,$200.00,,,$20.40,,,,,$219.75,,,,,,,,$150.00,$100.00,,,,,,,,,,,,,,,,,,$180.00,"$1,189.64",,,,,,,,,,,,,"$2,059.79",,"$11,437.15"
CA037,Sep-17,"$23,660.33",85.00%,"$7,361.28",80.00%,"$12,000.00","$19,361.28",$0.00,0,$0.00,$0.00,$0.00,"$19,361.28",,,,,,,$200.00,,,$35.70,,,,,$898.81,,,,,$0.24,,,$50.00,$100.00,,,,,,,,,,,,,,,,,,$150.00,"$1,739.63",,,,,,,,,,,,,"$3,174.38",,"$16,186.90"
CA038,Sep-17,"$34,119.06",85.00%,"$16,251.20",80.00%,"$12,000.00","$28,251.20",$0.00,0,$0.00,$0.00,$0.00,"$28,251.20",,,,,,,$200.00,,,,,,,,$220.40,,,,,,,,$25.00,,,,,,,,,,,,,,,,,,,$150.00,"$1,429.82",,,,,,,,,,,,,"$2,025.22",,"$26,225.98"
CA039,Sep-17,"$20,361.55",85.00%,"$4,557.32",80.00%,"$12,000.00","$16,557.32",$0.00,2,$30.00,-$60.00,-$60.00,"$16,497.32",,,,,,,$200.00,,,,,,,,$200.56,,,,,,,,,,,,,,,,,,,,,,,,,,,$20.00,"$1,200.00",,,,,,,,,,,,,"$1,620.56",,"$14,876.76"
CA040,Sep-17,"$6,939.71",80.00%,"$5,551.77",,,"$5,551.77",$0.00,0,$0.00,$0.00,$0.00,"$5,551.77",,,,,,,$200.00,,,,$774.79,,,,$97.23,,,,,,,,$125.00,$50.00,,,,,,,,,,,,,,,,,,$20.00,"$1,200.00",,,,,,,,,,,,,"$2,467.02",,"$3,084.75"
CA041,Sep-17,"$14,216.51",75.00%,"$10,662.38",,,"$10,662.38",$0.00,0,$0.00,$0.00,$0.00,"$10,662.38",,,,,,,$200.00,,,,,,,,$214.30,,,,$273.65,,,,$275.00,,,,,,,,,,,,,,,,,,$177.08,$90.00,"$1,200.00",,,,,,,,,,"$2,000.00",,,"$4,430.03",,"$6,232.35"
CA042,Sep-17,"$21,537.05",85.00%,"$5,556.49",80.00%,"$12,000.00","$17,556.49",$236.95,6,$30.00,-$180.00,$56.95,"$17,613.44",,,,,,,$200.00,,,,,,,,$497.52,,,,$174.00,$5.00,,,$100.00,$50.00,,,,,,,,,,,,,,,,,,$60.00,"$1,200.00",,,,,,,,,,,,$179.80,"$2,466.32",,"$15,147.12"
CA043,Sep-17,"$15,932.83",85.00%,$792.91,80.00%,"$12,000.00","$12,792.91",$0.00,3,$30.00,-$90.00,-$90.00,"$12,702.91",,,,,,,$200.00,,,,,,,,$650.38,,,,,,,,,,,,,,,,,,,,,,,,,,,$100.00,"$1,200.00",,,,,,,,,,,,,"$2,150.38",,"$10,552.53"
CA044,Sep-17,"$11,908.78",80.00%,"$9,527.02",,,"$9,527.02",$224.95,0,$0.00,$0.00,$224.95,"$9,751.97",,,,,,,$200.00,,,,,,,,$60.00,,,,,,,,$25.00,,,,,,,,,,,,,,,,,,,$60.00,"$1,200.00",,,,,,,,,,,,,"$1,545.00",,"$8,206.97"
CA045,Sep-17,"$14,714.97",80.00%,"$11,771.98",,,"$11,771.98",$0.00,8,$30.00,-$240.00,-$240.00,"$11,531.98",,,,,,,$200.00,,,,,,,,$226.48,,,,,,,,,,,,,,,,,,,,,,,,,,,$50.00,"$1,469.08",,,,,,,,,,,,,"$1,945.56",,"$9,586.42"
CA046,Sep-17,"$1,367.47",80.00%,"$1,093.98",,,"$1,093.98",$0.00,0,$0.00,$0.00,$0.00,"$1,093.98",,,,,,,$200.00,,,,,,,,$11.88,,,,,-$22.81,,,,$50.00,,,,,,,,,,,,,,,,,,$60.00,"$1,357.67",,,,,,,,,,,,,"$1,656.74",,-$562.76
CA047,Sep-17,"$7,086.17",80.00%,"$5,668.94",,,"$5,668.94",$0.00,0,$0.00,$0.00,$0.00,"$5,668.94",,,,,,,$200.00,,,$30.60,,,,,,,,,,,,,,,,,,,,,,,,,,,,,,,,$20.00,"$1,210.47",,,,,,,,,,,,,"$1,461.07",,"$4,207.87"
CA048,Sep-17,"$1,161.80",80.00%,$929.44,,,$929.44,$0.00,0,$0.00,$0.00,$0.00,$929.44,,,,,,,$200.00,,,$20.40,,,,,,,,,,,,,,$100.00,,,,,,,,,,,,,,,,,,,"$1,200.00",,,,,,,,,,,,,"$1,520.40",,-$590.96
CA050,Sep-17,"$28,596.31",85.00%,"$11,556.86",80.00%,"$12,000.00","$23,556.86",$0.00,5,$40.00,-$200.00,-$200.00,"$23,356.86",,,,,,,$200.00,,,,,,,,$187.04,,,,,,,,$25.00,$100.00,,,,,,,,,,,,,,,,,,$130.00,"$1,428.46",,,,,,,,,,,,,"$2,070.50",,"$21,286.36"
CA054,Sep-17,"$12,694.60",80.00%,"$10,155.68",,,"$10,155.68",$0.00,0,$0.00,$0.00,$0.00,"$10,155.68",,,,,,,$200.00,,,,,,,,$189.02,,,,,"-$3,792.10",,,$25.00,$150.00,,,,,,,,,,,,,,,,,,$40.00,"$1,200.00",,,,,,,,,,,,,"-$1,988.08",,"$12,143.76"
CA056,Sep-17,"$27,794.63",85.00%,"$10,875.44",80.00%,"$12,000.00","$22,875.44",$0.00,3,$30.00,-$90.00,-$90.00,"$22,785.44",,,,,,,$200.00,,,,,,,,$113.89,,,,,,,,$25.00,,,,,,,,,,,,,,,,,,,$100.00,"$1,200.00",,,,,,,,,,,,,"$1,638.89",,"$21,146.55"
CA057,Sep-17,"$11,622.87",80.00%,"$9,298.30",,,"$9,298.30",$0.00,2,$30.00,-$60.00,-$60.00,"$9,238.30",,,,,,,$200.00,,,,,,,,,,,,,,,,,,,,,,,,,,,,,,,,,,,$20.00,"$1,210.47",,,,,,,,,,,,,"$1,430.47",,"$7,807.83"
CA058,Sep-17,"$10,752.76",80.00%,"$8,602.21",,,"$8,602.21",$0.00,0,$0.00,$0.00,$0.00,"$8,602.21",,,,,,,$200.00,,,,,,,,$675.86,,,,,-$0.96,,,$25.00,$50.00,,,,,,,,,,,,,,,,,,$50.00,"$1,210.47",,,,,,,,,,,,,"$2,210.37",,"$6,391.84"
CA059,Sep-17,"$19,124.71",85.00%,"$3,506.00",80.00%,"$12,000.00","$15,506.00",$0.00,0,$0.00,$0.00,$0.00,"$15,506.00",,,,,,,$200.00,,,$28.05,,,,,$378.03,,,,,-$5.00,,,,$50.00,,,,,,,,,,,,,,,,,,$70.00,"$1,210.47",,,,,,,,,,,,,"$1,931.55",,"$13,574.45"
CA060,Sep-17,"$14,087.68",80.00%,"$11,270.14",,,"$11,270.14",$0.00,8,$30.00,-$240.00,-$240.00,"$11,030.14",,,,,,,$200.00,,,,,,,,$480.53,,,,,$20.00,,,$25.00,$100.00,,,,,,,,,,,,,,,,,,$70.00,"$1,366.67",,,,,,,,,,"$2,000.00",,,"$4,262.20",,"$6,767.94"
CA061,Sep-17,"$4,785.44",80.00%,"$3,828.35",,,"$3,828.35",$0.00,0,$0.00,$0.00,$0.00,"$3,828.35",,,,,,,$200.00,,,,,,,,$54.27,,,,,-$164.39,,,,$50.00,,,,,,,,,,,,,,,,,,$10.00,"$1,200.00",,,,,,,,,,"$2,000.00",,,"$3,349.88",,$478.47
CA062,Sep-17,"$2,952.14",80.00%,"$2,361.71",,,"$2,361.71",$0.00,0,$0.00,$0.00,$0.00,"$2,361.71",,,,,,,$200.00,,,,,,,,,,,,,-$1.81,,,,,,,,,,,,,,,,,,,,,,,"$1,200.00",,,,,,,,,,"$2,000.00",,,"$3,398.19",,"-$1,036.48"
CA065,Sep-17,"$15,083.20",80.00%,$66.56,75.00%,"$11,250.00","$11,316.56",$0.00,3,$30.00,-$90.00,-$90.00,"$11,226.56",,,,,,,$200.00,,,,,,,,$140.25,,,,,,,,,,,,,,,,,,,,,,,,,,,$30.00,"$1,428.24",,,,,,,,,,"$2,000.00",,,"$3,798.49",,"$7,428.07"
CA066,Sep-17,"$10,780.98",80.00%,"$8,624.78",,,"$8,624.78",$0.00,1,$30.00,-$30.00,-$30.00,"$8,594.78",,,,,,,$200.00,,,$17.85,,,,,$55.00,,,,,,,,$25.00,$50.00,,,,,,,,,,,,,,,,,,$40.00,"$1,428.24",,,,,,,,,,"$2,000.00",,,"$3,816.09",,"$4,778.69"
CA067,Sep-17,"$4,120.85",80.00%,"$3,296.68",,,"$3,296.68",$0.00,0,$0.00,$0.00,$0.00,"$3,296.68",,,,,,,$200.00,,,$45.90,,,,,,,,,,,,,,,,,,,,,,,,,,,,,,,,,"$1,357.68",,,,,,,,,,"$2,000.00",,,"$3,603.58",,-$306.90
CA068,Sep-17,"$3,702.33",80.00%,"$2,961.86",,,"$2,961.86",$0.00,0,$0.00,$0.00,$0.00,"$2,961.86",,,,,,,$200.00,,,$38.25,,,,,,,,,,,,,,,,,,,,,,,,,,,,,,,,$20.00,"$1,234.60",,,,,,,,,,"$2,000.00",,,"$3,492.85",,-$530.99
CA069,Sep-17,"$3,863.91",77.50%,"$2,994.53",,,"$2,994.53",$0.00,0,$0.00,$0.00,$0.00,"$2,994.53",,,,,,,$200.00,,,,,,,,,,,,,,,,$25.00,,,,,,,,,,,,,,,,,,,,"$1,200.00",,,,,,,,,,,,,"$1,425.00",,"$1,569.53"
CA072,Sep-17,"$9,183.71",75.00%,"$6,887.78",,,"$6,887.78",$0.00,1,$30.00,-$30.00,-$30.00,"$6,857.78",,,,,,,$200.00,,,,,,,,,,,,,,,,,,,,,,,,,,,,,,,,,,,,"$1,200.00",,,,,,,,,,,,,"$1,400.00",,"$5,457.78"
CA074,Sep-17,"$16,420.76",85.00%,"$1,207.65",80.00%,"$12,000.00","$13,207.65",$0.00,1,$30.00,-$30.00,-$30.00,"$13,177.65",,,,,,,$200.00,,,$12.75,,,,,$0.36,,,,,,,,$25.00,,,,,,,,,,,,,,,,,,,$70.00,"$1,428.24",,,,,,,,,,,,,"$1,736.35",,"$11,441.30"
CA075,Sep-17,"$4,155.19",80.00%,"$3,324.15",,,"$3,324.15",$0.00,0,$0.00,$0.00,$0.00,"$3,324.15",,,,,,,$200.00,,,,,,,,,,,,,$0.05,,,,$50.00,,,,,,,,,,,,,,,,,,$20.00,"$1,357.68",,,,,,,,,,,,,"$1,627.73",,"$1,696.42"
CA076,Sep-17,"$13,082.46",80.00%,"$10,465.97",,,"$10,465.97",$0.00,0,$0.00,$0.00,$0.00,"$10,465.97",,,,,,,$200.00,,,$33.15,,,,,"$1,534.07",,,,,-$285.00,,,$25.00,$150.00,,,,,,,,,,,,,,,,,,$220.00,"$1,200.00",,,,,,,,,,,,,"$3,077.22",,"$7,388.75"
CA078,Sep-17,"$7,557.56",75.00%,"$5,668.17",,,"$5,668.17",$0.00,0,$0.00,$0.00,$0.00,"$5,668.17",,,,,,,$200.00,,,,,,,,$0.07,,,,,,,,,,,,,,,,,,,,,,,,,,,$120.00,"$1,200.00",,,,,,,,,,,,,"$1,520.07",,"$4,148.10"
CA079,Sep-17,"$13,318.21",80.00%,"$10,654.57",,,"$10,654.57",$0.00,1,$30.00,-$30.00,-$30.00,"$10,624.57",,,,,,,$200.00,,,$12.75,"$1,239.66",,,,$76.08,,,,,,,,,,,,,,,,,,,,,,,,,,,$50.00,"$1,200.00",,,,,,,,,,,,,"$2,778.49",,"$7,846.08"
CA080,Sep-17,"$6,027.44",80.00%,"$4,821.95",,,"$4,821.95",$0.00,0,$0.00,$0.00,$0.00,"$4,821.95",,,,,,,$200.00,,,,,,,,$11.20,,,,$29.00,,,,,$100.00,,,,,,,,,,,,,,,,,,$60.00,"$1,200.00",,,,,,,,,,,,,"$1,600.20",,"$3,221.75"
CA082,Sep-17,"$16,907.50",85.00%,"$1,621.38",80.00%,"$12,000.00","$13,621.38",$0.00,0,$0.00,$0.00,$0.00,"$13,621.38",,,,,,,$200.00,,,$33.15,,,,,$0.50,,,,,,,,,,,,,,,,,,,,,,,,,,,$10.00,"$1,200.00",,,,,,,,,,,,,"$1,443.65",,"$12,177.73"
CA083,Sep-17,"$19,709.98",82.50%,"$3,885.73",77.50%,"$11,625.00","$15,510.73",$240.00,0,$0.00,$0.00,$240.00,"$15,750.73",,,,,,,$200.00,,,,,,,,$752.57,,,,,$0.37,,,,$50.00,,,,,,,,,,,,,,,,,,$40.00,"$1,200.00",,,,,,,,,,,,,"$2,242.94",,"$13,507.79"
CA085,Sep-17,"$12,396.64",80.00%,"$9,917.31",,,"$9,917.31",$200.00,0,$0.00,$0.00,$200.00,"$10,117.31",,,,,,,$200.00,,,$45.90,,,,,$357.53,,,,,,,,,,,,,,,,,,,,,,,,,,,$80.00,"$1,200.00",,,,,,,,,,,,,"$1,883.43",,"$8,233.88"
CA088,Sep-17,"$11,326.12",77.50%,"$8,777.74",,,"$8,777.74",$0.00,0,$0.00,$0.00,$0.00,"$8,777.74",,,,,,,$200.00,,,,,,,,,,,,,,,,,,,,,,,,,,,,,,,,,,,,"$1,200.00",,,,,,,,,,,,,"$1,400.00",,"$7,377.74"
CA089,Sep-17,"$16,351.36",85.00%,"$1,148.66",80.00%,"$12,000.00","$13,148.66",$0.00,0,$0.00,$0.00,$0.00,"$13,148.66",,,,,,,$200.00,,,$147.90,,,,,$175.94,,,,,$0.80,,,$50.00,$100.00,,,,,,,,,,,,,,,,,,$110.00,"$1,760.47",,,,,,,,,,,,,"$2,545.11",,"$10,603.55"
CA090,Sep-17,"$26,541.33",85.00%,"$9,810.13",80.00%,"$12,000.00","$21,810.13",$0.00,0,$0.00,$0.00,$0.00,"$21,810.13",,,,,,,$200.00,,,,,,,,$652.60,,,,,-$113.66,,,$50.00,$50.00,,,,,,,,,,,,,,,,,,$200.00,"$1,210.47",,,,,,,,,,,,,"$2,249.41",,"$19,560.72"
CA091,Sep-17,"$9,748.89",80.00%,"$7,799.11",,,"$7,799.11",$0.00,1,$30.00,-$30.00,-$30.00,"$7,769.11",,,,,,,$200.00,,,,,,,,$603.15,,,,,-$2.28,,,$25.00,$100.00,,,,,,,,,,,,,,,,,,$170.00,"$1,210.47",,,,,,,,,,,,,"$2,306.34",,"$5,462.77"
CA093,Sep-17,"$10,187.91",80.00%,"$8,150.33",,,"$8,150.33",$0.00,0,$0.00,$0.00,$0.00,"$8,150.33",,,,,,,$200.00,,,,,,,,$36.00,,,,,,,,$25.00,,,,,,,,,,,,,,,,,,,$30.00,"$1,200.00",,,,,,,,,,,,,"$1,491.00",,"$6,659.33"
CA095,Sep-17,"$9,746.80",77.50%,"$7,553.77",,,"$7,553.77",$0.00,1,$30.00,-$30.00,-$30.00,"$7,523.77",,,,,,,$200.00,,,,,,,,$757.45,,,,,,,,$75.00,$100.00,,,,,,,,,,,,,,,,,,$150.00,"$1,357.68",,,,,,,,,,,,,"$2,640.13",,"$4,883.64"
CA096,Sep-17,"$8,359.18",75.00%,"$6,269.38",,,"$6,269.38",$0.00,3,$30.00,-$90.00,-$90.00,"$6,179.38",,,,,,,$200.00,,,,,,,,$255.01,,,,,,,,$225.00,,,,,,,,,,,,,,,,,,,$70.00,"$1,200.00",,,,,,,,,,,,,"$1,950.01",,"$4,229.37"
CA098,Sep-17,"$10,082.40",75.00%,"$7,561.80",,,"$7,561.80",$0.00,0,$0.00,$0.00,$0.00,"$7,561.80",,,,,,,$200.00,,,,,,,,$5.00,,,,,,,,$100.00,,,,,,,,,,,,,,,,,,,$10.00,"$1,200.00",,,,,,,,,,,,,"$1,515.00",,"$6,046.80"
CA099,Sep-17,"$18,129.74",85.00%,"$2,660.28",80.00%,"$12,000.00","$14,660.28",$0.00,0,$0.00,$0.00,$0.00,"$14,660.28",,,,,,,$200.00,,,,,,,,$438.44,,,,,$19.80,,,$400.00,$300.00,,,,,,,,,,,,,,,,,,$110.00,"$1,200.00",,,,,,,,,,,,,"$2,668.24",,"$11,992.04"
CA102,Sep-17,"$5,152.23",80.00%,"$4,121.78",,,"$4,121.78",$0.00,0,$0.00,$0.00,$0.00,"$4,121.78",,,,,,,$200.00,,,,,,,,$203.84,,,,,,,,,,,,,,,,,,,,,,,,,,,$40.00,"$1,200.00",,,,,,,,,,,,,"$1,643.84",,"$2,477.94"
CA103,Sep-17,"$4,077.24",80.00%,"$3,261.79",,,"$3,261.79",$0.00,1,$30.00,-$30.00,-$30.00,"$3,231.79",,,,,,,$200.00,,,,,,,,$822.18,,,,,-$167.93,,,$25.00,,,,,,,,,,,,,,,,,,,$80.00,"$1,200.00",,,,,,,,,,,,,"$2,159.25",,"$1,072.54"
CA104,Sep-17,"$22,246.03",85.00%,"$6,159.13",80.00%,"$12,000.00","$18,159.13",$175.00,3,$30.00,-$90.00,$85.00,"$18,244.13",,,,,,,$200.00,,,,,,,,$708.61,,,,,-$3.00,,,$25.00,$50.00,,,,,,,,,,,,,,,,,,$100.00,"$1,200.00",,,,,,,,,,,,,"$2,280.61",,"$15,963.52"
CA106,Sep-17,"$6,942.88",75.00%,"$5,207.16",,,"$5,207.16",$0.00,0,$0.00,$0.00,$0.00,"$5,207.16",,,,,,,$200.00,,,,,,,,$974.65,,,,,"$5,203.31",,,$100.00,"$1,650.00",,,,,,,,,,,,,,,,,,$130.00,"$1,200.00",,,,,,,,,,,,,"$9,457.96",,"-$5,627.04"
CA107,Sep-17,"$4,794.07",80.00%,"$3,835.26",,,"$3,835.26",$0.00,0,$0.00,$0.00,$0.00,"$3,835.26",,,,,,,$200.00,,,,,,,,$182.36,,,,$29.00,,,,,,,,,,,,,,,,,,,,,,,$20.00,"$1,200.00",,,,,,,,,,,,,"$1,631.36","$1,376.24","$2,203.90"
CA110,Sep-17,"$4,693.76",77.50%,"$3,637.66",,,"$3,637.66",$0.00,0,$0.00,$0.00,$0.00,"$3,637.66",,,,,,,$200.00,,,$10.20,,,,,,,,,,-$67.79,,,,,,,,,,,,,,,,,,,,,,,"$1,200.00",,,,,,,,,,,,,"$1,342.41",,"$2,295.25"
CA113,Sep-17,"$12,177.55",80.00%,"$9,742.04",,,"$9,742.04",$0.00,0,$0.00,$0.00,$0.00,"$9,742.04",,,,,,,$200.00,,,$33.15,,,,,,,,,,,,,$50.00,,,,,,,,,,,,,,,,,,,,"$1,200.00",,,,,,,,,,,,,"$1,483.15",,"$8,258.89"
CA114,Sep-17,"$7,117.02",80.00%,"$5,693.62",,,"$5,693.62",$0.00,0,$0.00,$0.00,$0.00,"$5,693.62",,,,,,,$200.00,,,,,,,,$4.95,,,,,-$24.38,,,$150.00,,,,,,,,,,,,,,,,,,,$60.00,"$1,200.00",,,,,,,,,,,,,"$1,590.57",,"$4,103.05"
CA115,Sep-17,"$13,543.61",80.00%,"$10,834.89",,,"$10,834.89",$0.00,0,$0.00,$0.00,$0.00,"$10,834.89",,,,,,,$200.00,,,$45.90,,,,,$389.16,,,,$29.00,-$185.31,,,$25.00,$50.00,,,,,,,,,,,,,,,,,,$100.00,"$1,200.00",,,,,,,,,,,,,"$1,853.75",,"$8,981.14"
CA117,Sep-17,"$2,064.01",80.00%,"$1,651.21",,,"$1,651.21",$0.00,0,$0.00,$0.00,$0.00,"$1,651.21",,,,,,,$200.00,,,,$417.89,,,,$72.31,,,,,-$976.90,,,,,,,,,,,,,,,,,,,,,,$40.00,"$1,200.00",,,,,,,,,,,,,$953.30,,$697.91
CA118,Sep-17,"$10,995.27",80.00%,"$8,796.22",,,"$8,796.22",$0.00,1,$30.00,-$30.00,-$30.00,"$8,766.22",,,,,,,$200.00,,,,,,,,$0.60,,,,,,,,$25.00,$50.00,,,,,,,,,,,,,,,,,,$20.00,"$1,200.00",,,,,,,,,,,,,"$1,495.60",,"$7,270.62"
CA119,Sep-17,$233.32,80.00%,$186.66,,,$186.66,$0.00,0,$0.00,$0.00,$0.00,$186.66,,,,,,,$200.00,,,,,,,,$1.60,,,,,,,,,$150.00,,,,,,,,,,,,,,,,,,$30.00,,,,,,,,,,,,,,$381.60,,-$194.94
CA120,Sep-17,"$6,638.80",80.00%,"$5,311.04",,,"$5,311.04",$0.00,0,$0.00,$0.00,$0.00,"$5,311.04",,,,,,,$200.00,,,,,,,,$473.42,,,,,$49.78,,,$350.00,$450.00,,,,,,,,,,,,,,,,,,$50.00,"$1,200.00",,,,,,,,,,,,,"$2,773.20",,"$2,537.84"
CA121,Sep-17,"$5,340.11",80.00%,"$4,272.09",,,"$4,272.09",$0.00,0,$0.00,$0.00,$0.00,"$4,272.09",,,,,,,$200.00,,,$58.65,$745.01,,,,,,,,,$0.81,,,$225.00,$150.00,,,,,,,,,,,,,,,,,,,"$1,200.00",,,,,,,,,,,,,"$2,579.47",,"$1,692.62"
CA122,Sep-17,"$3,469.74",80.00%,"$2,775.79",,,"$2,775.79",$0.00,0,$0.00,$0.00,$0.00,"$2,775.79",,,,,,,$200.00,,,,$619.88,,,,$48.92,,,,,,,,$75.00,,,,,,,,,,,,,,,,,,,$20.00,"$1,200.00",,,,,,,,,,,,,"$2,163.80",,$611.99
CA124,Sep-17,"$3,064.83",80.00%,"$2,451.86",,,"$2,451.86",$0.00,0,$0.00,$0.00,$0.00,"$2,451.86",,,,,,,$200.00,,,,,,,,,,,,,,,,,,,,,,,,,,,,,,,,,,,,"$1,200.00",,,,,,,,,,,,,"$1,400.00",,"$1,051.86"
CA126,Sep-17,"$3,516.92",75.00%,"$2,637.69",,,"$2,637.69",$0.00,1,$30.00,-$30.00,-$30.00,"$2,607.69",,,,,,,$200.00,,,,,,,,,,,,,,,,,,,,,,,,,,,,,,,,,,,$20.00,"$1,200.00",,,,,,,,,,,,,"$1,420.00",,"$1,187.69"
CA127,Sep-17,"$8,860.22",80.00%,"$7,088.18",,,"$7,088.18",$0.00,0,$0.00,$0.00,$0.00,"$7,088.18",,,,,,,$200.00,,,,,,,,$19.00,,,,$58.00,,,,,,,,,,,,,,,,,,,,,,,$70.00,"$1,200.00",,,,,,,,,,,,,"$1,547.00",,"$5,541.18"
CA128,Sep-17,"$6,574.27",80.00%,"$5,259.42",,,"$5,259.42",$0.00,0,$0.00,$0.00,$0.00,"$5,259.42",,,,,,,$200.00,,,$15.30,,,,,$0.05,,,,$29.00,-$77.48,,,,,,,,,,,,,,,,,,,,,,$60.00,"$1,200.00",,,,,,,,,,,,,"$1,426.87",,"$3,832.55"
CA129,Sep-17,"$2,478.78",80.00%,"$1,983.02",,,"$1,983.02",$0.00,0,$0.00,$0.00,$0.00,"$1,983.02",,,,,,,$200.00,,,,$629.04,,,,$131.03,,,,,,,,,,,,,,,,,,,,,,,,,,,$50.00,"$1,200.00",,,,,,,,,,,,,"$2,210.07",,-$227.05
CA130,Sep-17,"$23,657.92",85.00%,"$7,359.23",80.00%,"$12,000.00","$19,359.23",$0.00,0,$0.00,$0.00,$0.00,"$19,359.23",,,,,,,$200.00,,,,,,,,$191.47,,,,,,,,,,,,,,,,,,,,,,,,,,,$70.00,"$1,200.00",,,,,,,,,,,,,"$1,661.47",,"$17,697.76"
CA131,Sep-17,"$14,837.52",80.00%,"$11,870.02",,,"$11,870.02","$1,497.90",4,$30.00,-$120.00,"$1,377.90","$13,247.92",,,,,,,$200.00,,,,,,,,$798.88,,,,,-$64.67,,,$50.00,$50.00,,,,,,,,,,,,,,,,,,$180.00,"$1,200.00",,,,,,,,,,,,$44.95,"$2,459.16",,"$10,788.76"
CA132,Sep-17,"$12,405.15",80.00%,"$9,924.12",,,"$9,924.12",$0.00,0,$0.00,$0.00,$0.00,"$9,924.12",,,,,,,$200.00,,,,,,,,"$1,554.12",,,,,-$51.12,,,$50.00,$50.00,,,,,,,,,,,,,,,,,,$350.00,"$1,200.00",,,,,,,,,,,,,"$3,353.00",,"$6,571.12"
CA133,Sep-17,"$10,475.41",80.00%,"$8,380.33",,,"$8,380.33",$0.00,0,$0.00,$0.00,$0.00,"$8,380.33",,,,,,,$200.00,,,$28.05,,,,,$526.83,,,,,-$282.21,,,$50.00,$50.00,,,,,,,,,,,,,,,,,,$110.00,"$1,200.00",,,,,,,,,,,,,"$1,882.67",,"$6,497.66"
CA136,Sep-17,"$1,913.73",80.00%,"$1,530.98",,,"$1,530.98",$0.00,0,$0.00,$0.00,$0.00,"$1,530.98",,,,,,,$200.00,,,,"$1,258.07",,,,$198.02,,,,,"-$1,625.49",,,$25.00,$350.00,,,,,,,,,,,,,,,,,,$60.00,,,,,,,,,,,,,,$465.60,,"$1,065.38"
CA137,Sep-17,"$7,243.36",80.00%,"$5,794.69",,,"$5,794.69",$0.00,0,$0.00,$0.00,$0.00,"$5,794.69",,,,,,,$200.00,,,,,,,,$424.03,,,,,-$99.05,,,$25.00,$100.00,,,,,,,,,,,,,,,,,,$80.00,"$1,366.67",,,,,,,,,,,,,"$2,096.65",,"$3,698.04"
CA140,Sep-17,"$12,505.93",80.00%,"$10,004.74",,,"$10,004.74",$0.00,0,$0.00,$0.00,$0.00,"$10,004.74",,,,,,,$200.00,,,,"$1,239.66",,,,$4.00,,,,$29.00,,,,,,,,,,,,,,,,,,,,,,,$10.00,"$1,200.00",,,,,,,,,,,,,"$2,682.66",,"$7,322.08"
CA141,Sep-17,"$4,981.81",80.00%,"$3,985.45",,,"$3,985.45",$0.00,0,$0.00,$0.00,$0.00,"$3,985.45",,,,,,,$200.00,,,$28.05,"$1,269.26",,,,,,,,,,,,,,,,,,,,,,,,,,,,,,,$10.00,"$1,200.00",,,,,,,,,,,,,"$2,707.31",,"$1,278.14"
CA142,Sep-17,"$1,493.33",80.00%,"$1,194.66",,,"$1,194.66",$0.00,0,$0.00,$0.00,$0.00,"$1,194.66",,,,,,,$200.00,,,$38.25,"$1,258.07",,,,,,,,,-$33.11,,,,,,,,,,,,,,,,,,,,,,,,,,,,,,,,,,,,"$1,463.21",,-$268.55
CA145,Sep-17,"$38,861.90",85.00%,"$20,282.61",80.00%,"$12,000.00","$32,282.61",$50.10,2,$30.00,-$60.00,-$9.90,"$32,272.71",,,,,,,$200.00,,,,,,,,$318.34,,,,,-$1.00,,,,$50.00,,,,,,,,,,,,,,,,,,$130.00,"$1,200.00",,,,,,,,,,,,,"$1,897.34",,"$30,375.37"
CA146,Sep-17,"$13,288.13",80.00%,"$10,630.50",,,"$10,630.50",$0.00,2,$30.00,-$60.00,-$60.00,"$10,570.50",,,,,,,$200.00,,,$130.05,"$1,239.66",,,,$9.02,,,,,,,,$50.00,,,,,,,,,,,,,,,,,,,$100.00,"$1,200.00",,,,,,,,,,,,,"$2,928.73",,"$7,641.77"
CA147,Sep-17,"$4,968.15",80.00%,"$3,974.52",,,"$3,974.52",$0.00,0,$0.00,$0.00,$0.00,"$3,974.52",,,,,,,$200.00,,,,"$1,200.90",,,,$46.78,,,,$29.00,-$164.62,,,,,,,,,,,,,,,,,,,,,,$30.00,$600.00,,,,,,,,,,,,,"$1,942.06",,"$2,032.46"
CA148,Sep-17,"$3,949.03",80.00%,"$3,159.22",,,"$3,159.22",$0.00,0,$0.00,$0.00,$0.00,"$3,159.22",,,,,,,$200.00,,,,"$1,258.07",,,,$274.00,,,,,"-$1,004.88",,,$25.00,,,,,,,,,,,,,,,,,,,$70.00,,,,,,,,,,,,,,$822.19,,"$2,337.03"
CA150,Sep-17,,80.00%,$0.00,,,$0.00,$0.00,0,$0.00,$0.00,$0.00,$0.00,,,,,,,$200.00,,,,,,,,,,,,,,,,,,,,,,,,,,,,,,,,,,,,,,,,,,,,,,,,,$200.00,,-$200.00
CA152,Sep-17,"$2,235.87",77.50%,"$1,732.80",,,"$1,732.80",$0.00,0,$0.00,$0.00,$0.00,"$1,732.80",,,,,,,$200.00,,,,"$1,404.95",,,,$427.80,,,,,-$5.58,,,$25.00,$50.00,,,,,,,,,,,,,,,,,,$30.00,$600.00,,,,,,,,,,,,,"$2,732.17",,-$999.37
CA153,Sep-17,"$2,373.42",80.00%,"$1,898.74",,,"$1,898.74",$0.00,1,$30.00,-$30.00,-$30.00,"$1,868.74",,,,,,,$200.00,,,$17.85,"$1,399.78",,,,,,,,,,,,,,,,,,,,,,,,,,,,,,,,$600.00,,,,,,,,,,,,,"$2,217.63",,-$348.89
CA154,Sep-17,"$6,727.98",75.00%,"$5,045.98",,,"$5,045.98",$0.00,5,$30.00,-$150.00,-$150.00,"$4,895.98",,,,,,,$200.00,,,,$780.53,,,,$17.41,,,,,,,,,,,,,,,,,,,,,,,,,,,$80.00,"$1,366.66",,,,,,,,,,,,$44.95,"$2,489.55",,"$2,406.43"
CA155,Sep-17,"$4,930.57",80.00%,"$3,944.46",,,"$3,944.46",$0.00,0,$0.00,$0.00,$0.00,"$3,944.46",,,,,,,$200.00,,,,$334.58,,,,$80.91,,,,,,,,,$50.00,,,,,,,,,,,,,,,,,,$10.00,$600.00,,,,,,,,,,,,,"$1,275.49",,"$2,668.97"
CA157,Sep-17,"$1,142.75",80.00%,$914.20,,,$914.20,$0.00,0,$0.00,$0.00,$0.00,$914.20,,,,,,,$200.00,,,,"$1,075.74",,,,$191.00,,,,,,,,,,,,,,,,,,,,,,,,,,,$10.00,,,,,,,,,,,,,,"$1,476.74",,-$562.54
CA159,Sep-17,"$1,235.07",75.00%,$926.30,,,$926.30,$0.00,0,$0.00,$0.00,$0.00,$926.30,,,,,,,$200.00,,,,,,,,$198.00,,,,,,,,,$50.00,,,,,,,,,,,,,,,,,,$30.00,,,,,,,,,,,,,,$478.00,,$448.30
CA160,Sep-17,"$2,287.30",80.00%,"$1,829.84",,,"$1,829.84",$0.00,0,$0.00,$0.00,$0.00,"$1,829.84",,,,,,,$200.00,,,,$884.05,,,,,,,,,,,,,$50.00,,,,,,,,,,,,,,,,,,$40.00,$600.00,,,,,,,,,,,,,"$1,774.05",,$55.79
CA161,Sep-17,"$2,985.45",80.00%,"$2,388.36",,,"$2,388.36",$0.00,0,$0.00,$0.00,$0.00,"$2,388.36",,,,,,,$200.00,,,,"$1,415.33",,,,$67.00,,,,,,,,,,,,,,,,,,,,,,,,,,,$20.00,$600.00,,,,,,,,,,,,,"$2,302.33",,$86.03
CA162,Sep-17,"$1,112.18",80.00%,$889.74,,,$889.74,$0.00,0,$0.00,$0.00,$0.00,$889.74,,,,,,,$200.00,,,,$943.55,,,,$171.81,,,,,,,,,,,,,,,,,,,,,,,,,,,$10.00,,,,,,,,,,,,,,"$1,325.36",,-$435.62
CA164,Sep-17,"$5,302.79",100.00%,"$5,302.79",,,"$5,302.79",$0.00,0,$0.00,$0.00,$0.00,"$5,302.79",,,,,,,$200.00,,,,,,,,$137.28,,,,,,,,,,,,,,,,,,,,,,,,,,,$20.00,,,,,,,,,,,,,,$357.28,,"$4,945.51"
CA165,Sep-17,$689.12,75.00%,$516.84,,,$516.84,$0.00,0,$0.00,$0.00,$0.00,$516.84,,,,,,,$200.00,,,,$435.52,,,,,,,,,-$247.17,,,,$50.00,,,,,,,,,,,,,,,,,,$10.00,,,,,,,,,,,,,,$448.35,,"-$1,098.22"
CA166,Sep-17,$391.52,80.00%,$313.22,,,$313.22,$0.00,0,$0.00,$0.00,$0.00,$313.22,,,,,,,$200.00,,,,,,,,$241.35,,,,,"-$1,703.81",,,,,,,,,,,,,,,,,,,,,,$100.00,,,,,,,,,,,,,,"-$1,162.46","$1,166.71","$1,475.68"
CA169,Sep-17,$11.21,77.50%,$8.69,,,$8.69,$0.00,0,$0.00,$0.00,$0.00,$8.69,,,,,,,$200.00,,,,,,,,$91.03,,,,,-$432.67,,,,$100.00,,,,,,,,,,,,,,,,,,$40.00,,,,,,,,,,,,,,-$1.64,,$10.33
CA171,Sep-17,,75.00%,$0.00,,,$0.00,$0.00,0,$0.00,$0.00,$0.00,$0.00,,,,,,,,,,,,,,,,,,,$29.00,,,,,,,,,,,,,,,,,,,,,,,,,,,,,,,,,,,,,$29.00,,-$29.00
CA172,Sep-17,$687.63,80.00%,$550.10,,,$550.10,$0.00,0,$0.00,$0.00,$0.00,$550.10,,,,,,,$200.00,,,,,,,,,,,,,,,,,$50.00,,,,,,,,,,,,,,,,,,,,,,,,,,,,,,,,$250.00,,$300.10
CO001,Sep-17,"$17,991.07",80.00%,"$2,392.86",75.00%,"$11,250.00","$13,642.86",$0.00,8,$30.00,-$240.00,-$240.00,"$13,402.86",,,,,,,$200.00,,,,,,,,$59.50,,,,,,,,,$100.00,,,,,,,,,,,,,,,,,,$30.00,,,,,,,,,,$200.00,,-$4.00,,$585.50,,"$12,817.36"
CO002,Sep-17,"$12,877.01",75.00%,"$9,657.76",,,"$9,657.76",$0.00,0,$0.00,$0.00,$0.00,"$9,657.76",,,,,,,$200.00,,,,,,,,,,,,,,,,,,,,,,,,,,,,,,,,,,,$10.00,,,,,,,,,,$200.00,,-$44.00,,$366.00,,"$9,291.76"
FL001,Sep-17,"$35,307.84",80.00%,"$16,246.27",75.00%,"$11,250.00","$27,496.27",$0.00,0,$0.00,$0.00,$0.00,"$27,496.27",,,,,,,$200.00,,,$18.00,,,,,$58.83,,,,,-$10.00,,,,$100.00,,,,,,,,,,,,,,,,,,$110.00,,,,,,,,,,$200.00,,,,$676.83,,"$26,819.44"
FL004,Sep-17,"$15,713.36",80.00%,$570.69,75.00%,"$11,250.00","$11,820.69",$0.00,0,$0.00,$0.00,$0.00,"$11,820.69",,,,,,,$200.00,,,,,,,,$679.85,,,,-$60.00,,,,,,,,,,,,,,,,,,,,,,,$120.00,,,,,,,,,,$200.00,,,,"$1,139.85",,"$10,680.84"
FL005,Sep-17,"$54,523.53",82.50%,"$32,606.91",77.50%,"$11,625.00","$44,231.91",$0.00,0,$0.00,$0.00,$0.00,"$44,231.91",,,,,,,$200.00,,,$99.00,,,,,$600.64,,,,,,,,$25.00,,,,,,,,,,,,,,,,,,,$320.00,,,,,,,,,,$200.00,,,,"$1,444.64",,"$42,787.27"
FL006,Sep-17,"$5,134.14",75.00%,"$3,850.60",,,"$3,850.60",$0.00,0,$0.00,$0.00,$0.00,"$3,850.60",,,,,,,$200.00,,,,,,,,"$2,250.72",,,,,-$10.00,,,$25.00,$200.00,,,,,,,,,,,,,,,,,,$100.00,,,,,,,,,,$200.00,,,,"$2,965.72",,$884.88
FL010,Sep-17,"$15,771.17",80.00%,$616.94,75.00%,"$11,250.00","$11,866.94",$0.00,0,$0.00,$0.00,$0.00,"$11,866.94",,,,,,,$200.00,,,$198.00,,,,,$20.10,,,,-$123.96,$22.00,,,,$50.00,,,"$1,000.00",,,,,,,,,,,,,,,$60.00,,,,,,,,,,$200.00,,,,"$1,626.14",,"$10,240.80"
FL011,Sep-17,"$12,751.47",77.50%,"$9,882.39",,,"$9,882.39",$0.00,0,$0.00,$0.00,$0.00,"$9,882.39",,,,,,,$200.00,,,$83.50,,,,,"$1,526.16",,,,,"$2,290.06",,,$25.00,$300.00,,,,,,,,,,,,,,,,,,$100.00,,,,,,,,,,$200.00,,,,"$4,724.72",,"$5,157.67"
FL013,Sep-17,"$6,685.20",77.50%,"$5,181.03",,,"$5,181.03",$0.00,0,$0.00,$0.00,$0.00,"$5,181.03",,,,,,,$200.00,,,$33.40,$629.04,,,,"$1,020.09",,,,,$36.33,,,$50.00,$300.00,,,,,,,,,,,,,,,,,,$60.00,,,,,,,,,,$200.00,,,,"$2,528.86",,"$2,652.17"
FL014,Sep-17,"$32,299.20",82.50%,"$14,271.84",77.50%,"$11,625.00","$25,896.84",$0.00,0,$0.00,$0.00,$0.00,"$25,896.84",,,,,,,$200.00,,,,,,,,$736.00,,,,,,,,$75.00,,,,,,,,,,,,,,,,,,,$160.00,,,,,,,,,,$200.00,,,,"$1,371.00",,"$24,525.84"
FL017,Sep-17,"$3,576.10",75.00%,"$2,682.08",,,"$2,682.08",$0.00,0,$0.00,$0.00,$0.00,"$2,682.08",,,,,,,$200.00,,,,,,,,,,,,,,,,,,,,,,,,,,,,,,,,,,,,,,,,,,,,,$200.00,,,,$400.00,,"$2,282.08"
FL019,Sep-17,"$35,057.83",82.50%,"$16,547.71",77.50%,"$11,625.00","$28,172.71",$0.00,0,$0.00,$0.00,$0.00,"$28,172.71",,,,,,,$200.00,,,,,,,,,,,,,$5.00,,,,,,,,,,,,,,,,,,,,,,$70.00,,,,,,,,,,$200.00,,,,$475.00,,"$27,697.71"
FL020,Sep-17,"$3,874.42",75.00%,"$2,905.82",,,"$2,905.82",$0.00,0,$0.00,$0.00,$0.00,"$2,905.82",,,,,,,$200.00,,,,,,,,$348.28,,,,,,,,,$50.00,,,,,,,,,,,,,,,,,,$120.00,,,,,,,,,,$200.00,,,,$918.28,,"$1,987.54"
FL021,Sep-17,"$10,189.13",75.00%,"$7,641.85",,,"$7,641.85",$0.00,1,$30.00,-$30.00,-$30.00,"$7,611.85",,,,,,,$200.00,,,,,,,,$198.54,,,,,,,,,,,,,,,,,,,,,,,,,,,$10.00,,,,,,,,,,$200.00,,,,$608.54,,"$7,003.31"
FL022,Sep-17,"$7,629.47",77.50%,"$5,912.84",,,"$5,912.84",$0.00,0,$0.00,$0.00,$0.00,"$5,912.84",,,,,,,$200.00,,,,$220.16,,,,"$1,446.99",,,,-$60.00,,,,,,,,,,,,,,,,,,,,,,,$110.00,,,,,,,,,,$200.00,,,,"$2,117.15",,"$3,795.69"
FL023,Sep-17,"$2,141.72",75.00%,"$1,606.29",,,"$1,606.29",$0.00,0,$0.00,$0.00,$0.00,"$1,606.29",,,,,,,$200.00,,,$8.35,,,,,$30.73,,,,,,,,,$50.00,,,,,,,,,,,,,,,,,,$70.00,,,,,,,,,,$200.00,,,,$559.08,,"$1,047.21"
FL024,Sep-17,"$4,376.49",77.50%,"$3,391.78",,,"$3,391.78",$0.00,0,$0.00,$0.00,$0.00,"$3,391.78",,,,,,,$200.00,,,,,,,,$600.64,,,,,-$18.10,,,,,,,,,,,,,,,,,,,,,,$60.00,,,,,,,,,,$200.00,,,,"$1,042.54",,"$2,349.24"
FL025,Sep-17,$707.91,75.00%,$530.93,,,$530.93,$0.00,0,$0.00,$0.00,$0.00,$530.93,,,,,,,$200.00,,,,,,,,,,,,,,,,,,,,,,,,,,,,,,,,,,,,,,,,,,,,,$200.00,,,,$400.00,,"-$1,005.39"
FL026,Sep-17,"$4,039.88",75.00%,"$3,029.91",,,"$3,029.91",$0.00,0,$0.00,$0.00,$0.00,"$3,029.91",,,,,,,$200.00,,,$126.00,,,,,$49.87,,,,,$685.30,,,,$50.00,,,,,,,,,,,,,,,,,,$110.00,,,,,,,,,,$200.00,,,,"$1,421.17","$1,136.32","-$1,187.60"
FL027,Sep-17,$979.09,75.00%,$734.32,,,$734.32,$0.00,0,$0.00,$0.00,$0.00,$734.32,,,,,,,$200.00,,,$58.45,,,,,,,,,,,,,,,,,,,,,,,,,,,,,,,,,,,,,,,,,,$200.00,,,,$458.45,"$2,796.34","-$1,921.28"
FL028,Sep-17,"$2,921.57",77.50%,"$2,264.22",,,"$2,264.22",$0.00,0,$0.00,$0.00,$0.00,"$2,264.22",,,,,,,$200.00,,,,,,,,,,,,,,,,,,,,,,,,,,,,,,,,,,,,,,,,,,,,,$200.00,,,,$400.00,"$2,197.15","$1,864.22"
FL031,Sep-17,"$3,090.02",75.00%,"$2,317.52",,,"$2,317.52",$0.00,0,$0.00,$0.00,$0.00,"$2,317.52",,,,,,,$200.00,,,,,,,,,,,,,$308.55,,,,,,,,,,,,,,,,,,,,,,$20.00,,,,,,,,,,$200.00,,,,$728.55,,"$1,079.30"
IL003,Sep-17,$344.50,75.00%,$258.38,,,$258.38,$0.00,1,$30.00,-$30.00,-$30.00,$228.38,,,,,,,$200.00,,,,"$1,415.33",,,,$0.02,,,,,-$464.21,,,,$100.00,,,,,,,,,,,,,,,,,,$20.00,,,,,,,,,,$200.00,,,,"$1,471.14",$509.67,"-$1,707.76"
NM001,Sep-17,"$15,543.47",85.00%,$461.95,80.00%,"$12,000.00","$12,461.95",$0.00,0,$0.00,$0.00,$0.00,"$12,461.95",,,,,,,$200.00,,,,,,,,,,,,,-$5.00,,,$75.00,$50.00,,,,,,,,,,,,,,,,,,$30.00,,,,,,,,,,$200.00,,,,$550.00,$465.00,"$11,911.95"
NM002,Sep-17,"$11,710.12",80.00%,"$9,368.10",,,"$9,368.10",$85.00,0,$0.00,$0.00,$85.00,"$9,453.10",,,,,,,$200.00,,,,,,,,$2.00,,,,$25.00,,,,,,,,,,,,,,,,,,,,,,,$40.00,,,,,,,,,,$200.00,,,,$467.00,,"$8,986.10"
NM003,Sep-17,"$3,704.04",80.00%,"$2,963.23",,,"$2,963.23",$0.00,0,$0.00,$0.00,$0.00,"$2,963.23",,,,,,,$200.00,,,,"$1,404.95",,,,,,,,,,,,$25.00,,,,,,,,,,,,,,,,,,,$110.00,,,,,,,,,,$200.00,,,,"$1,939.95",,"$1,023.28"
NM004,Sep-17,$177.46,80.00%,$141.97,,,$141.97,$0.00,0,$0.00,$0.00,$0.00,$141.97,,,,,,,$200.00,,,,"$1,415.33",,,,,,,,,,,,,,,,,,,,,,,,,,,,,,,,,,,,,,,,,$200.00,,,,"$1,815.33",,"-$1,673.36"
NY001,Sep-17,"$5,534.59",100.00%,"$5,534.59",,,"$5,534.59",$0.00,0,$0.00,$0.00,$0.00,"$5,534.59",,,,,,,$200.00,,,,,,,,,,,,,,,,,,,,,,,,,,,,,,,,,,,$10.00,,,,,,,,,,,,,,$210.00,,"$5,324.59"
OH001,Sep-17,"$10,731.25",77.50%,"$8,316.72",,,"$8,316.72",$0.00,3,$30.00,-$90.00,-$90.00,"$8,226.72",,,,,,,$200.00,,,,,,,,$6.00,,,,,,,,$25.00,,,,,,,,,,,,,,,,,,,$80.00,,,,,,,,,,$200.00,,,,$511.00,,"$7,715.72"
OH002,Sep-17,"$1,618.74",77.50%,"$1,254.52",,,"$1,254.52",$0.00,2,$30.00,-$60.00,-$60.00,"$1,194.52",,,,,,,$200.00,,,,,,,,,,,,,,,,,$50.00,,,,,,,,,,,,,,,,,,$10.00,,,,,,,,,,$200.00,,,,$460.00,,$734.52
PA002,Sep-17,"$2,272.81",75.00%,"$1,704.61",,,"$1,704.61",$0.00,1,$30.00,-$30.00,-$30.00,"$1,674.61",,,,,,,$200.00,,,,,,,,$281.40,,,,,,,,,$400.00,,,,,,,,,,,,,,,,,,$10.00,,,,,,,,,,$200.00,,,$44.95,"$1,136.35",,$280.73
TN002,Sep-17,"$21,828.90",80.00%,"$5,463.12",75.00%,"$11,250.00","$16,713.12",$0.00,1,$30.00,-$30.00,-$30.00,"$16,683.12",,,,,,,$200.00,,,,,,,,,,,,,,,,,,,,,,,,,,,,,,,,,,,$20.00,,,,,,,,,,$200.00,,,,$420.00,$257.53,"$16,263.12"
TX003,Sep-17,"$2,153.09",75.00%,"$1,614.82",,,"$1,614.82",$0.00,0,$0.00,$0.00,$0.00,"$1,614.82",,,,,,,$200.00,,,,,,,,,,,,,-$168.90,,,,,,,,,,,,,,,,,,,,,,$30.00,,,,,,,,,,$200.00,,,,$261.10,,"-$3,357.47"
TX008,Sep-17,"$2,269.42",75.00%,"$1,702.06",,,"$1,702.06",$0.00,0,$0.00,$0.00,$0.00,"$1,702.06",,,,,,,$200.00,,,,,,,,,,,,,,,,,,,,,,,,,,,,,,,,,,,$20.00,,,,,,,,,,$200.00,,,,$420.00,"$4,711.19","$1,282.06"
TX009,Sep-17,"$17,433.76",82.50%,"$2,007.85",77.50%,"$11,625.00","$13,632.85",$35.05,3,$30.00,-$90.00,-$54.95,"$13,577.90",,,,,,,$200.00,,,,,,,,$108.48,,,,,,,,$25.00,$50.00,,,,,,,,,,,,,,,,,,$40.00,,,,,,,,,,$200.00,,,,$623.48,,"$12,954.42"
TX013,Sep-17,"$16,483.75",85.00%,"$1,261.19",80.00%,"$12,000.00","$13,261.19",$0.00,0,$0.00,$0.00,$0.00,"$13,261.19",,,,,,,$200.00,,,,,,,,$346.98,,,,,,,,,,,,,,,,,,,,,,,,,,,$60.00,,,,,,,,,,$200.00,"$2,000.00",,,"$2,806.98",,"$10,454.21"
TX014,Sep-17,"$3,018.35",80.00%,"$2,414.68",,,"$2,414.68",$0.00,0,$0.00,$0.00,$0.00,"$2,414.68",,,,,,,$200.00,,,,"$1,361.20",,,,,,,,,,,,,,,,,,,,,,,,,,,,,,,$10.00,,,,,,,,,,$200.00,,,,"$1,771.20",,$643.48
TX015,Sep-17,"$18,678.89",82.50%,"$3,035.08",77.50%,"$11,625.00","$14,660.08",$0.00,12,$30.00,-$360.00,-$360.00,"$14,300.08",,,,,,,$200.00,,,,,,,,$708.97,,,,,-$1.00,,,$25.00,$100.00,,,,,,,,,,,,,,,,,,$280.00,,,,,,,,,,$200.00,,,$44.95,"$1,557.92",,"$12,742.16"
TX017,Sep-17,"$12,436.68",75.00%,"$9,327.51",,,"$9,327.51",$192.00,0,$0.00,$0.00,$192.00,"$9,519.51",,,,,,,$200.00,,,,,,,,$589.03,,,,,,,,,,,,,,,,,,,,,,,,,,,$10.00,,,,,,,,,,$200.00,,,,$999.03,,"$8,520.48"
TX018,Sep-17,"$9,388.18",77.50%,"$7,275.84",,,"$7,275.84",$0.00,0,$0.00,$0.00,$0.00,"$7,275.84",,,,,,,$200.00,,,,,,,,$2.04,,,,,,,,,,,,,,,,,,,,,,,,,,,$70.00,,,,,,,,,,$200.00,,,,$472.04,,"$6,803.80"
TX019,Sep-17,"$9,904.02",77.50%,"$7,675.62",,,"$7,675.62",$0.00,0,$0.00,$0.00,$0.00,"$7,675.62",,,,,,,$200.00,,,,,,,,$235.00,,,,$10.00,,,,,,,,,,,,,,,,,,,,,,,$30.00,,,,,,,,,,$200.00,,,,$675.00,,"$7,000.62"
TX020,Sep-17,"$3,144.74",80.00%,"$2,515.79",,,"$2,515.79",$0.00,0,$0.00,$0.00,$0.00,"$2,515.79",,,,,,,$200.00,,,,,,,,$57.46,,,,,,,,,,,,,,,,,,,,,,,,,,,$80.00,,,,,,,,,,$200.00,,,,$537.46,,"$1,978.33"
TX022,Sep-17,$51.61,75.00%,$38.71,,,$38.71,$0.00,0,$0.00,$0.00,$0.00,$38.71,,,,,,,$200.00,,,,,,,,,,,,$10.00,-$288.00,,,,$50.00,,,,,,,,,,,,,,,,,,,,,,,,,,,,$200.00,,,,$172.00,,-$223.29
TX030,Sep-17,"$2,467.40",80.00%,"$1,973.92",,,"$1,973.92",$0.00,0,$0.00,$0.00,$0.00,"$1,973.92",,,,,,,$200.00,,,,,,,,,,,,,-$7.07,,,,,,,,,,,,,,,,,,,,,,,,,,,,,,,,$200.00,,,,$392.93,$90.00,"$1,580.99"
TX031,Sep-17,"$7,976.00",75.00%,"$5,982.00",,,"$5,982.00",$0.00,0,$0.00,$0.00,$0.00,"$5,982.00",,,,,,,$200.00,,,,,,,,,,,,,$0.05,,,,$50.00,,,,,,,,,,,,,,,,,,$30.00,,,,,,,,,,$200.00,,,,$480.05,,"$5,501.95"
TX032,Sep-17,"$5,254.90",80.00%,"$4,203.92",,,"$4,203.92",$0.00,0,$0.00,$0.00,$0.00,"$4,203.92",,,,,,,$200.00,,,,$272.87,,,,$0.12,,,,,,,,,,,,,,,,,,,,,,,,,,,$40.00,,,,,,,,,,$200.00,,,,$712.99,,"$3,490.93"
TX033,Sep-17,"$9,459.84",80.00%,"$7,567.87",,,"$7,567.87",$0.00,0,$0.00,$0.00,$0.00,"$7,567.87",,,,,,,$200.00,,,,,,,,$112.00,,,,,,,,,,,,,,,,,,,,,,,,,,,$70.00,,,,,,,,,,$200.00,,,,$582.00,,"$6,985.87"
TX034,Sep-17,"$3,988.28",77.50%,"$3,090.92",,,"$3,090.92",$0.00,0,$0.00,$0.00,$0.00,"$3,090.92",,,,,,,$200.00,,,,,,,,$0.80,,,,,,,,,$150.00,,,,,,,,,,,,,,,,,,$30.00,,,,,,,,,,$200.00,,,,$580.80,,"$2,510.12"
TX038,Sep-17,$489.33,80.00%,$391.46,,,$391.46,$0.00,0,$0.00,$0.00,$0.00,$391.46,,,,,,,$200.00,,,,,,,,$204.37,,,,,,,,,,,,,,,,,,,,,,,,,,,$70.00,,,,,,,,,,$200.00,,,,$674.37,,-$282.91
TX039,Sep-17,,75.00%,$0.00,,,$0.00,$0.00,0,$0.00,$0.00,$0.00,$0.00,,,,,,,$200.00,,,,,,,,,,,,,,,,$25.00,,,,,,,,,,,,,,,,,,,$10.00,,,,,,,,,,$200.00,,,,$435.00,,-$435.00
TX040,Sep-17,,75.00%,$0.00,,,$0.00,$0.00,0,$0.00,$0.00,$0.00,$0.00,,,,,,,$200.00,,,,,,,,,,,,,-$70.00,,,,,,,,,,,,,,,,,,,,,,,,,,,,,,,,,,,,$130.00,$95.00,-$225.00
,,,,,,,,,,,,,,,,,,,,,,,,,,,,,,,,,,,,,,,,,,,,,,,,,,,,,,,,,,,,,,,,,,,,,,,
,,,,,,,,,,,,,,,,,,,,,,,,,,,,,,,,,,,,,,,,,,,,,,,,,,,,,,,,,,,,,,,,,,,,,,,
